vehicle_count,hour,day_of_week,weather,location,previous_traffic,traffic_level
96,19,Sunday,Stormy,Market Street,High,High
49,10,Sunday,Cloudy,College Road,Medium,Low
156,0,Friday,Sunny,College Road,Medium,Low
118,15,Tuesday,Sunny,Market Street,Low,Low
236,18,Friday,Cloudy,Main Road,Low,High
95,1,Friday,Cloudy,Highway Junction,Low,Low
167,16,Saturday,Sunny,Highway Junction,Low,Medium
157,17,Saturday,Rainy,Ring Road,Low,Medium
104,7,Sunday,Cloudy,Highway Junction,Low,Low
52,14,Tuesday,Rainy,Ring Road,High,Medium
89,14,Friday,Sunny,Main Road,High,Medium
94,10,Sunday,Sunny,Market Street,High,Low
243,8,Tuesday,Rainy,Main Road,Medium,High
67,23,Sunday,Cloudy,Highway Junction,Medium,Low
84,14,Friday,Cloudy,Main Road,Medium,Low
191,8,Wednesday,Cloudy,Ring Road,Low,High
193,4,Thursday,Sunny,College Road,Medium,Medium
53,1,Thursday,Cloudy,Main Road,Low,Low
108,10,Thursday,Sunny,Highway Junction,Low,Low
123,19,Wednesday,Sunny,Market Street,Low,Medium
98,0,Friday,Sunny,Highway Junction,Low,Low
314,19,Monday,Sunny,Main Road,Low,High
117,16,Wednesday,Sunny,Main Road,Low,Low
68,4,Sunday,Sunny,Main Road,Low,Low
95,22,Saturday,Cloudy,Market Street,Low,Low
245,19,Friday,Stormy,Market Street,High,High
50,5,Wednesday,Cloudy,Market Street,Medium,Low
202,19,Sunday,Rainy,Ring Road,High,High
166,22,Tuesday,Cloudy,Ring Road,Low,Medium
273,19,Monday,Cloudy,Ring Road,High,High
124,22,Wednesday,Sunny,Market Street,Medium,Low
80,23,Saturday,Rainy,Highway Junction,Low,Low
278,17,Friday,Sunny,Ring Road,Medium,High
180,0,Thursday,Sunny,College Road,Low,Low
60,16,Wednesday,Sunny,Highway Junction,Medium,Low
112,5,Saturday,Stormy,Market Street,High,Medium
36,0,Saturday,Cloudy,Main Road,Low,Low
114,16,Wednesday,Sunny,Highway Junction,High,Medium
167,2,Friday,Stormy,Highway Junction,Low,Medium
206,17,Wednesday,Cloudy,Ring Road,High,High
168,9,Sunday,Rainy,Main Road,High,Medium
117,9,Sunday,Rainy,Market Street,Low,Medium
50,3,Sunday,Rainy,Main Road,Low,Low
98,22,Wednesday,Sunny,Ring Road,Low,Low
98,21,Monday,Cloudy,Main Road,Low,Low
117,4,Thursday,Cloudy,College Road,Low,Low
10,12,Saturday,Sunny,Market Street,Medium,Low
87,23,Monday,Sunny,Highway Junction,Medium,Low
58,22,Saturday,Sunny,Highway Junction,Medium,Low
215,21,Tuesday,Cloudy,College Road,Low,Medium
85,2,Sunday,Sunny,Market Street,High,Low
108,15,Thursday,Sunny,College Road,Medium,Low
214,9,Sunday,Rainy,Highway Junction,Low,Medium
128,0,Tuesday,Cloudy,College Road,Low,Low
282,19,Monday,Cloudy,Ring Road,Medium,High
98,4,Wednesday,Cloudy,Main Road,High,Medium
377,9,Friday,Sunny,Ring Road,Low,High
122,12,Tuesday,Rainy,Highway Junction,Medium,Medium
171,8,Friday,Cloudy,Market Street,High,Medium
110,23,Sunday,Rainy,College Road,Low,Medium
241,8,Wednesday,Sunny,Main Road,Medium,High
247,18,Wednesday,Sunny,Highway Junction,High,High
83,13,Thursday,Cloudy,Highway Junction,Medium,Medium
201,11,Wednesday,Sunny,Market Street,Low,Medium
54,11,Sunday,Cloudy,Ring Road,Medium,Low
167,1,Tuesday,Sunny,College Road,Low,Medium
209,19,Saturday,Sunny,Main Road,Medium,Medium
87,11,Wednesday,Cloudy,Market Street,Low,Low
149,12,Friday,Sunny,Ring Road,Medium,Medium
19,0,Sunday,Cloudy,Highway Junction,High,Low
123,5,Monday,Sunny,Ring Road,Low,Medium
222,4,Wednesday,Sunny,Market Street,High,High
120,14,Saturday,Cloudy,College Road,Medium,Low
75,11,Wednesday,Stormy,Highway Junction,Low,Low
197,7,Thursday,Sunny,Ring Road,Low,Medium
145,21,Wednesday,Sunny,Main Road,Low,Medium
195,12,Friday,Rainy,College Road,High,Medium
106,1,Monday,Sunny,Ring Road,Medium,Low
48,0,Saturday,Cloudy,Main Road,Low,Low
129,16,Wednesday,Rainy,Ring Road,Low,Low
161,4,Friday,Stormy,College Road,Medium,High
125,16,Wednesday,Sunny,Main Road,Low,Low
81,0,Saturday,Cloudy,Ring Road,Low,Low
94,21,Tuesday,Rainy,Market Street,Low,Medium
78,14,Sunday,Rainy,Ring Road,High,Medium
159,5,Tuesday,Cloudy,Ring Road,Low,Medium
205,5,Thursday,Cloudy,Highway Junction,Low,Medium
107,3,Friday,Cloudy,Main Road,Medium,Low
38,5,Tuesday,Cloudy,College Road,Low,Low
31,22,Sunday,Sunny,Market Street,Low,Low
99,2,Monday,Rainy,Market Street,Medium,Low
272,20,Wednesday,Sunny,Highway Junction,Low,High
202,8,Friday,Sunny,Ring Road,Low,Medium
114,14,Tuesday,Cloudy,Market Street,High,Medium
313,7,Monday,Cloudy,College Road,High,High
90,22,Saturday,Cloudy,Ring Road,Medium,Low
29,10,Saturday,Cloudy,College Road,High,Low
49,22,Monday,Sunny,Ring Road,Medium,Low
221,19,Friday,Cloudy,Ring Road,High,High
16,21,Sunday,Cloudy,Main Road,Medium,Low
57,1,Thursday,Sunny,Market Street,High,Low
157,20,Saturday,Sunny,Highway Junction,High,Medium
156,3,Wednesday,Sunny,Main Road,Medium,Medium
90,14,Tuesday,Cloudy,Ring Road,Low,Low
134,3,Saturday,Sunny,Main Road,Medium,Low
100,5,Saturday,Cloudy,Market Street,High,Low
122,17,Saturday,Cloudy,College Road,Low,Medium
340,8,Friday,Rainy,Market Street,Medium,High
82,16,Sunday,Rainy,Highway Junction,High,Low
146,1,Monday,Sunny,Market Street,High,Medium
144,13,Friday,Rainy,Market Street,Low,Medium
108,3,Tuesday,Sunny,Ring Road,Low,Low
78,18,Saturday,Cloudy,Main Road,Medium,Low
80,14,Monday,Sunny,College Road,High,Low
87,2,Saturday,Cloudy,Ring Road,Low,Low
70,6,Thursday,Cloudy,College Road,Low,Low
57,0,Sunday,Sunny,Ring Road,High,Low
71,12,Saturday,Sunny,Highway Junction,Medium,Medium
182,14,Friday,Sunny,College Road,Medium,Medium
127,10,Thursday,Cloudy,Highway Junction,Low,Medium
76,14,Sunday,Sunny,Market Street,Low,Low
174,0,Monday,Sunny,Highway Junction,Medium,Medium
135,8,Sunday,Sunny,College Road,Low,Low
72,13,Tuesday,Sunny,Main Road,Low,Low
104,20,Sunday,Sunny,College Road,Low,Low
127,10,Monday,Rainy,Ring Road,Medium,Medium
156,11,Wednesday,Rainy,Main Road,Medium,Medium
140,10,Monday,Cloudy,Highway Junction,Low,Low
93,16,Monday,Cloudy,Highway Junction,Medium,Low
221,22,Friday,Sunny,Market Street,Low,Medium
130,15,Friday,Cloudy,Ring Road,Low,Medium
80,16,Saturday,Sunny,Market Street,Low,Low
119,2,Sunday,Sunny,Ring Road,High,Low
115,17,Sunday,Rainy,Main Road,Medium,Medium
95,7,Sunday,Sunny,College Road,Low,Low
43,2,Tuesday,Sunny,Market Street,High,Low
44,6,Tuesday,Cloudy,Main Road,Low,Low
99,0,Tuesday,Rainy,Highway Junction,Low,Medium
10,11,Sunday,Rainy,College Road,Medium,Low
118,2,Thursday,Rainy,Highway Junction,Low,Medium
129,22,Saturday,Rainy,Main Road,Medium,Medium
62,12,Tuesday,Sunny,Main Road,Low,Low
69,4,Sunday,Sunny,Ring Road,Medium,Low
79,16,Tuesday,Sunny,Ring Road,Medium,Low
168,7,Wednesday,Sunny,College Road,Medium,Medium
109,13,Tuesday,Sunny,Highway Junction,High,Medium
143,16,Thursday,Cloudy,Market Street,High,Medium
91,4,Saturday,Cloudy,Ring Road,Low,Low
98,16,Wednesday,Cloudy,College Road,Low,Medium
235,8,Monday,Sunny,Main Road,Medium,High
59,2,Sunday,Rainy,College Road,Low,Low
80,16,Wednesday,Sunny,Ring Road,Medium,Low
315,7,Wednesday,Cloudy,Main Road,Medium,High
293,17,Monday,Cloudy,Market Street,High,High
141,20,Sunday,Cloudy,College Road,Medium,Medium
162,22,Wednesday,Rainy,Highway Junction,High,Medium
165,13,Monday,Cloudy,Market Street,Medium,Medium
279,7,Wednesday,Sunny,Highway Junction,Medium,High
72,12,Saturday,Cloudy,College Road,Medium,Low
97,6,Wednesday,Sunny,College Road,High,Low
44,15,Monday,Rainy,Main Road,High,Low
155,0,Friday,Sunny,Market Street,Medium,Medium
77,4,Tuesday,Sunny,Main Road,High,Low
157,4,Wednesday,Rainy,Market Street,Medium,Medium
98,6,Tuesday,Stormy,Market Street,Medium,Medium
91,12,Wednesday,Sunny,Market Street,Low,Low
124,23,Wednesday,Sunny,College Road,Medium,Low
127,16,Thursday,Sunny,Ring Road,Medium,Low
189,2,Wednesday,Sunny,College Road,Medium,High
92,10,Tuesday,Rainy,Market Street,Low,Low
112,11,Tuesday,Sunny,Main Road,Medium,Low
89,5,Sunday,Sunny,College Road,Low,Low
233,4,Friday,Stormy,Ring Road,Medium,High
138,2,Tuesday,Sunny,Ring Road,Medium,Medium
99,15,Wednesday,Cloudy,Main Road,Low,Low
260,20,Friday,Cloudy,Market Street,High,High
271,20,Wednesday,Cloudy,Ring Road,High,High
22,1,Sunday,Sunny,Market Street,High,Low
144,23,Thursday,Rainy,Market Street,High,Medium
88,14,Sunday,Rainy,College Road,High,Low
173,16,Thursday,Rainy,Main Road,Medium,Medium
330,17,Wednesday,Rainy,College Road,Medium,High
190,6,Thursday,Sunny,Main Road,Low,Medium
54,22,Tuesday,Sunny,Ring Road,High,Low
86,14,Sunday,Rainy,College Road,Low,Low
109,21,Thursday,Sunny,Market Street,High,Low
104,14,Friday,Sunny,Market Street,High,Medium
123,0,Wednesday,Sunny,Ring Road,Low,Low
284,17,Thursday,Rainy,Market Street,High,High
218,7,Friday,Rainy,Ring Road,High,High
193,23,Friday,Rainy,Market Street,Low,High
60,3,Thursday,Cloudy,Main Road,Low,Low
208,23,Tuesday,Sunny,College Road,Low,Medium
136,13,Tuesday,Stormy,Market Street,Medium,Medium
228,21,Wednesday,Cloudy,Main Road,Low,Medium
80,0,Thursday,Cloudy,Ring Road,Low,Low
128,0,Friday,Rainy,Ring Road,Low,Low
162,17,Saturday,Rainy,Ring Road,Low,Medium
201,5,Wednesday,Cloudy,Main Road,Low,Medium
305,19,Tuesday,Sunny,Market Street,Medium,High
62,21,Saturday,Cloudy,Market Street,Low,Low
105,21,Tuesday,Cloudy,Highway Junction,Low,Low
69,13,Sunday,Sunny,College Road,High,Medium
121,5,Tuesday,Cloudy,College Road,High,Medium
296,18,Tuesday,Cloudy,College Road,Medium,High
346,20,Monday,Cloudy,College Road,High,High
79,19,Saturday,Cloudy,Ring Road,High,Medium
146,1,Friday,Cloudy,Ring Road,Medium,Medium
351,18,Wednesday,Sunny,College Road,Low,High
50,0,Sunday,Sunny,Highway Junction,High,Low
38,1,Saturday,Sunny,College Road,Low,Low
132,14,Friday,Cloudy,Main Road,Medium,Low
98,1,Monday,Rainy,College Road,Low,Low
33,22,Friday,Cloudy,Market Street,High,Low
305,9,Friday,Cloudy,Main Road,Medium,High
142,21,Monday,Sunny,Main Road,Medium,Low
191,16,Monday,Cloudy,Highway Junction,High,High
262,17,Thursday,Stormy,Main Road,Medium,High
126,4,Friday,Sunny,Market Street,Low,Low
80,6,Monday,Cloudy,Market Street,Medium,Low
79,12,Saturday,Sunny,Ring Road,Low,Low
68,4,Saturday,Stormy,Ring Road,Medium,Low
129,17,Saturday,Sunny,Ring Road,High,Medium
70,13,Monday,Rainy,Main Road,Low,Medium
181,8,Friday,Sunny,Highway Junction,Low,Medium
358,8,Monday,Stormy,College Road,High,High
146,1,Thursday,Sunny,Highway Junction,Medium,Medium
164,22,Monday,Sunny,Market Street,Low,Low
80,14,Friday,Cloudy,Ring Road,Low,Low
121,0,Monday,Sunny,Main Road,Medium,Low
72,13,Saturday,Cloudy,Main Road,Low,Low
215,20,Saturday,Rainy,Main Road,Low,Medium
179,3,Thursday,Cloudy,Ring Road,Medium,Medium
124,22,Wednesday,Rainy,College Road,High,Medium
10,3,Sunday,Rainy,Market Street,Low,Low
161,13,Thursday,Sunny,Highway Junction,Medium,Low
72,1,Tuesday,Sunny,Highway Junction,High,Low
346,9,Thursday,Rainy,Main Road,Medium,High
234,11,Monday,Sunny,Ring Road,Low,Medium
279,8,Tuesday,Cloudy,Ring Road,Low,High
166,4,Monday,Sunny,Market Street,High,Medium
142,3,Wednesday,Sunny,Ring Road,Low,Low
163,22,Monday,Cloudy,College Road,Medium,High
246,8,Tuesday,Sunny,College Road,Low,Medium
193,20,Sunday,Cloudy,Ring Road,Medium,High
93,23,Sunday,Sunny,Market Street,Medium,Low
93,13,Friday,Sunny,College Road,High,Low
142,5,Wednesday,Sunny,Highway Junction,Medium,Medium
256,20,Thursday,Sunny,Ring Road,Medium,Medium
128,5,Saturday,Sunny,Highway Junction,Medium,Low
154,19,Saturday,Sunny,Highway Junction,Low,Medium
69,22,Sunday,Cloudy,Main Road,High,Low
112,12,Saturday,Sunny,Market Street,Low,Low
286,19,Friday,Cloudy,Ring Road,High,High
71,5,Thursday,Sunny,College Road,Low,Low
342,8,Tuesday,Sunny,Market Street,Low,High
69,22,Saturday,Rainy,Ring Road,Medium,Low
72,4,Saturday,Sunny,Highway Junction,High,Low
97,23,Wednesday,Cloudy,Market Street,High,Medium
123,2,Friday,Sunny,Ring Road,Low,Low
230,1,Tuesday,Sunny,Main Road,High,Medium
87,13,Saturday,Sunny,Market Street,High,Low
273,7,Tuesday,Cloudy,Highway Junction,Low,High
132,12,Thursday,Rainy,Highway Junction,Medium,Medium
171,10,Friday,Cloudy,Highway Junction,Low,Low
187,9,Tuesday,Sunny,Market Street,High,High
122,18,Sunday,Sunny,College Road,Low,Low
93,0,Thursday,Cloudy,Main Road,Low,Low
58,5,Thursday,Sunny,College Road,High,Low
61,21,Sunday,Rainy,College Road,Low,Low
16,14,Saturday,Cloudy,Ring Road,Low,Low
269,17,Tuesday,Cloudy,College Road,High,High
118,16,Wednesday,Cloudy,College Road,High,Low
139,1,Thursday,Sunny,Highway Junction,Medium,Medium
171,5,Friday,Sunny,Ring Road,High,Medium
156,15,Thursday,Sunny,Ring Road,High,Medium
136,10,Thursday,Cloudy,Market Street,Medium,Medium
140,23,Sunday,Rainy,College Road,Medium,Medium
263,7,Friday,Sunny,Market Street,Medium,High
71,4,Monday,Cloudy,Ring Road,Medium,Low
164,21,Friday,Rainy,Ring Road,Low,Medium
222,8,Monday,Sunny,Ring Road,Low,Medium
265,8,Monday,Stormy,Ring Road,Low,High
82,21,Tuesday,Cloudy,Highway Junction,Low,Low
134,13,Wednesday,Sunny,Main Road,Low,Low
286,18,Thursday,Rainy,College Road,Low,High
136,11,Monday,Rainy,Ring Road,Medium,Medium
130,11,Sunday,Sunny,Market Street,Low,Low
204,20,Tuesday,Cloudy,Market Street,High,High
34,12,Thursday,Sunny,College Road,Medium,Low
91,22,Wednesday,Cloudy,Highway Junction,Medium,Low
177,15,Tuesday,Rainy,Highway Junction,Medium,Medium
335,9,Wednesday,Cloudy,Market Street,Low,High
157,3,Thursday,Sunny,Ring Road,High,Medium
83,10,Thursday,Rainy,Market Street,High,Low
248,9,Thursday,Rainy,Market Street,Low,High
240,19,Friday,Sunny,Highway Junction,Medium,High
106,22,Tuesday,Cloudy,Ring Road,Medium,Low
170,16,Wednesday,Cloudy,Market Street,Low,Medium
130,20,Saturday,Rainy,Market Street,Medium,Medium
91,0,Sunday,Sunny,Highway Junction,Low,Low
60,21,Monday,Cloudy,Main Road,Medium,Low
135,5,Sunday,Stormy,Highway Junction,Low,Medium
309,19,Monday,Sunny,Ring Road,Low,High
106,12,Saturday,Cloudy,Market Street,Low,Low
69,4,Friday,Cloudy,College Road,Medium,Low
160,6,Thursday,Rainy,Market Street,Medium,Medium
68,13,Saturday,Cloudy,Highway Junction,Low,Low
159,23,Friday,Sunny,Highway Junction,Low,Low
87,15,Tuesday,Sunny,Ring Road,High,Low
124,23,Thursday,Sunny,Ring Road,High,Low
72,6,Monday,Sunny,Ring Road,Medium,Low
145,20,Sunday,Sunny,Highway Junction,High,High
200,17,Friday,Sunny,Ring Road,Low,Medium
92,11,Friday,Sunny,Main Road,Low,Low
106,6,Monday,Cloudy,Main Road,Medium,Low
85,16,Saturday,Cloudy,Ring Road,Medium,Low
162,15,Tuesday,Sunny,College Road,Medium,Medium
120,9,Saturday,Stormy,Market Street,High,Medium
97,3,Thursday,Rainy,College Road,Medium,Low
318,8,Friday,Cloudy,Highway Junction,High,High
225,9,Monday,Cloudy,Highway Junction,Medium,High
320,18,Friday,Sunny,Highway Junction,Medium,High
123,4,Thursday,Cloudy,Main Road,Low,Medium
251,19,Tuesday,Cloudy,Ring Road,Low,High
135,15,Friday,Sunny,Highway Junction,High,Medium
110,15,Sunday,Stormy,College Road,High,Medium
121,5,Thursday,Stormy,Market Street,Low,Medium
133,3,Monday,Cloudy,Ring Road,Low,Low
285,8,Thursday,Rainy,Ring Road,Low,High
180,20,Monday,Sunny,Market Street,High,High
102,23,Thursday,Sunny,Main Road,Low,Low
221,17,Sunday,Cloudy,Main Road,Medium,High
136,10,Thursday,Rainy,Market Street,Medium,Medium
141,2,Tuesday,Cloudy,Highway Junction,Medium,Low
163,7,Monday,Sunny,Market Street,Medium,Medium
165,20,Sunday,Sunny,College Road,Medium,Medium
138,6,Monday,Rainy,Highway Junction,Medium,Medium
169,22,Wednesday,Sunny,Ring Road,Medium,Medium
62,2,Saturday,Sunny,Market Street,Medium,Low
318,18,Monday,Stormy,Market Street,High,High
257,18,Thursday,Rainy,College Road,Medium,High
153,23,Monday,Sunny,Market Street,Low,Low
162,3,Monday,Sunny,Highway Junction,High,Medium
94,23,Monday,Sunny,College Road,High,Low
135,13,Wednesday,Rainy,College Road,Low,Medium
241,20,Monday,Sunny,College Road,Low,High
57,11,Saturday,Cloudy,Main Road,Low,Low
274,18,Friday,Sunny,Main Road,Medium,High
79,3,Thursday,Sunny,College Road,High,Low
124,22,Wednesday,Stormy,Main Road,Low,Medium
257,7,Wednesday,Sunny,Ring Road,High,Medium
62,2,Saturday,Sunny,Highway Junction,Low,Low
59,16,Saturday,Sunny,Market Street,High,Low
112,16,Friday,Sunny,Ring Road,Low,Low
168,16,Friday,Cloudy,College Road,Low,Medium
88,10,Friday,Sunny,Market Street,Low,Low
183,18,Thursday,Sunny,College Road,Medium,High
98,6,Friday,Stormy,College Road,Low,Medium
107,14,Friday,Sunny,Highway Junction,Medium,Low
102,3,Sunday,Sunny,Market Street,Medium,Low
210,18,Thursday,Sunny,Ring Road,Medium,High
140,12,Wednesday,Sunny,Ring Road,Low,Low
43,1,Friday,Cloudy,Market Street,Medium,Low
94,22,Monday,Cloudy,Ring Road,High,Medium
106,22,Monday,Rainy,Highway Junction,Low,Medium
94,22,Friday,Cloudy,Ring Road,Medium,Low
178,11,Wednesday,Rainy,Market Street,Medium,Medium
70,0,Thursday,Cloudy,Ring Road,Low,Low
178,0,Monday,Rainy,Market Street,Low,Medium
163,14,Wednesday,Sunny,Market Street,Low,Medium
121,15,Tuesday,Sunny,Highway Junction,Medium,Medium
108,3,Friday,Sunny,Market Street,Low,Medium
128,9,Saturday,Rainy,College Road,Low,Low
16,3,Saturday,Stormy,Main Road,High,Low
125,3,Saturday,Stormy,Main Road,Medium,Medium
81,22,Wednesday,Sunny,Ring Road,High,Low
30,13,Friday,Cloudy,College Road,High,Low
10,23,Thursday,Stormy,College Road,Medium,Low
197,2,Monday,Rainy,Main Road,High,Medium
131,4,Thursday,Cloudy,Highway Junction,High,Medium
134,10,Tuesday,Sunny,Highway Junction,Low,Medium
136,16,Friday,Cloudy,Main Road,High,Medium
417,19,Thursday,Rainy,Ring Road,Medium,High
88,14,Sunday,Cloudy,Main Road,Low,Low
278,17,Wednesday,Sunny,Highway Junction,High,High
84,12,Thursday,Sunny,Main Road,Low,Low
119,4,Wednesday,Cloudy,College Road,High,Medium
76,21,Friday,Cloudy,Ring Road,Low,Low
336,8,Tuesday,Sunny,Main Road,High,High
76,4,Sunday,Sunny,College Road,High,Low
163,1,Wednesday,Sunny,Main Road,Medium,Low
130,5,Sunday,Sunny,Market Street,Medium,Medium
350,18,Friday,Cloudy,Ring Road,Low,High
84,1,Saturday,Sunny,College Road,Medium,Low
333,7,Wednesday,Sunny,Market Street,Low,High
344,8,Monday,Sunny,College Road,Medium,High
47,16,Saturday,Cloudy,Ring Road,Medium,Low
143,13,Tuesday,Cloudy,Highway Junction,Low,Low
145,12,Thursday,Rainy,Ring Road,Medium,Medium
91,11,Monday,Sunny,Main Road,Low,Low
86,5,Saturday,Rainy,Ring Road,Medium,Low
98,10,Friday,Rainy,Market Street,Low,Medium
303,17,Thursday,Rainy,College Road,Medium,High
82,4,Wednesday,Sunny,Ring Road,Medium,Low
211,20,Friday,Rainy,College Road,High,High
269,19,Friday,Rainy,Highway Junction,High,High
137,8,Sunday,Cloudy,Ring Road,Medium,Medium
103,12,Friday,Sunny,Ring Road,Low,Medium
93,0,Saturday,Rainy,College Road,Low,Low
251,17,Thursday,Cloudy,Highway Junction,Low,High
41,3,Monday,Sunny,Market Street,Low,Low
297,9,Friday,Sunny,College Road,High,High
258,9,Saturday,Sunny,Market Street,Medium,High
66,10,Friday,Rainy,Ring Road,Medium,Medium
150,15,Thursday,Rainy,Highway Junction,High,Medium
81,4,Tuesday,Sunny,College Road,Low,Low
166,11,Monday,Sunny,Market Street,Medium,Medium
218,8,Wednesday,Cloudy,Main Road,Medium,High
115,3,Wednesday,Rainy,College Road,Low,Low
70,22,Sunday,Cloudy,Highway Junction,High,Low
99,21,Sunday,Sunny,Market Street,Medium,Low
297,9,Monday,Sunny,Market Street,Low,High
113,10,Sunday,Sunny,Main Road,High,Low
119,14,Monday,Sunny,Ring Road,Medium,Medium
47,10,Monday,Sunny,Main Road,High,Low
260,20,Friday,Stormy,Ring Road,Medium,High
82,5,Wednesday,Sunny,Highway Junction,High,Low
132,12,Wednesday,Cloudy,Highway Junction,Medium,Low
48,15,Thursday,Sunny,Market Street,High,Low
300,17,Monday,Cloudy,Ring Road,High,High
116,1,Wednesday,Cloudy,Market Street,Medium,Low
130,14,Thursday,Sunny,Market Street,Medium,Low
91,21,Saturday,Cloudy,College Road,Low,Low
141,10,Tuesday,Sunny,Ring Road,Low,Medium
277,21,Wednesday,Sunny,Main Road,Medium,Medium
10,16,Sunday,Cloudy,Highway Junction,High,Low
170,12,Tuesday,Sunny,Highway Junction,Medium,Medium
83,12,Monday,Stormy,Ring Road,High,Medium
195,16,Monday,Sunny,College Road,Low,Medium
258,20,Wednesday,Cloudy,Ring Road,High,High
65,6,Sunday,Rainy,College Road,Medium,Medium
183,17,Sunday,Sunny,College Road,Low,Low
66,13,Saturday,Sunny,Highway Junction,Low,Low
47,23,Sunday,Rainy,College Road,Medium,Low
94,2,Thursday,Cloudy,Main Road,Medium,Low
260,20,Friday,Rainy,Main Road,Medium,High
307,9,Monday,Sunny,College Road,Low,High
203,8,Sunday,Rainy,Ring Road,Low,Medium
194,18,Wednesday,Sunny,Market Street,High,Medium
217,20,Saturday,Cloudy,Main Road,Low,Medium
105,1,Wednesday,Rainy,Main Road,Low,Medium
185,3,Monday,Rainy,Main Road,Low,Medium
134,18,Sunday,Sunny,Main Road,Medium,Medium
55,5,Sunday,Rainy,Ring Road,Medium,Low
218,8,Wednesday,Sunny,College Road,Low,Medium
12,16,Monday,Cloudy,College Road,High,Low
67,3,Sunday,Rainy,Highway Junction,Low,Low
223,23,Thursday,Cloudy,Market Street,Medium,High
138,0,Friday,Sunny,College Road,High,Medium
290,19,Monday,Cloudy,Highway Junction,Low,High
271,7,Friday,Sunny,Market Street,High,High
74,15,Thursday,Sunny,Main Road,Medium,Low
131,11,Wednesday,Cloudy,Main Road,Medium,Medium
100,0,Wednesday,Sunny,Main Road,Medium,Low
50,6,Sunday,Rainy,College Road,High,Low
106,18,Sunday,Rainy,College Road,Low,Low
291,8,Tuesday,Stormy,Ring Road,Medium,High
70,4,Monday,Sunny,Highway Junction,Medium,Low
156,2,Wednesday,Sunny,Main Road,Medium,Medium
67,21,Saturday,Sunny,Market Street,Low,Low
242,19,Saturday,Cloudy,Highway Junction,Low,High
98,2,Saturday,Sunny,Market Street,Medium,Medium
144,3,Monday,Sunny,Ring Road,High,Medium
126,23,Wednesday,Cloudy,Ring Road,Low,Low
115,3,Friday,Rainy,Main Road,Medium,Medium
82,13,Friday,Sunny,Main Road,Medium,Low
272,20,Thursday,Rainy,Highway Junction,High,High
337,18,Wednesday,Cloudy,Main Road,Medium,High
226,7,Friday,Cloudy,College Road,High,High
150,10,Friday,Sunny,Market Street,Medium,Medium
113,15,Wednesday,Sunny,Ring Road,High,Low
100,12,Sunday,Rainy,Market Street,Medium,Medium
176,7,Saturday,Sunny,Ring Road,Medium,Medium
108,16,Sunday,Rainy,Main Road,High,Medium
119,1,Friday,Cloudy,Market Street,Medium,Medium
187,10,Tuesday,Rainy,Highway Junction,Medium,Medium
164,12,Tuesday,Sunny,College Road,Medium,Low
185,17,Saturday,Sunny,College Road,Low,Medium
204,14,Friday,Cloudy,Market Street,High,Medium
233,20,Monday,Cloudy,Ring Road,High,High
38,4,Sunday,Sunny,Ring Road,Low,Low
286,20,Monday,Rainy,Market Street,High,High
248,9,Friday,Rainy,Highway Junction,High,High
115,8,Saturday,Sunny,College Road,Medium,Medium
73,12,Sunday,Sunny,College Road,Medium,Low
90,21,Saturday,Sunny,Main Road,Medium,Low
403,9,Tuesday,Cloudy,Market Street,Low,High
85,6,Saturday,Sunny,Market Street,Low,Low
329,8,Wednesday,Sunny,Main Road,Medium,High
300,17,Monday,Sunny,College Road,High,High
139,15,Friday,Cloudy,College Road,Low,Low
88,12,Sunday,Sunny,Main Road,Medium,Low
148,2,Wednesday,Cloudy,College Road,Low,Medium
137,8,Saturday,Cloudy,Main Road,Medium,Medium
225,18,Thursday,Sunny,College Road,Low,Medium
137,7,Saturday,Sunny,Ring Road,Low,Medium
267,7,Monday,Stormy,Highway Junction,Medium,High
35,12,Friday,Stormy,Highway Junction,High,Medium
54,2,Wednesday,Sunny,Market Street,Medium,Low
102,10,Wednesday,Rainy,Market Street,High,Medium
120,1,Sunday,Rainy,Main Road,Medium,Low
168,6,Friday,Cloudy,Highway Junction,Low,Medium
98,6,Friday,Cloudy,Highway Junction,Low,Low
135,2,Sunday,Sunny,Ring Road,High,Medium
181,11,Tuesday,Cloudy,College Road,Medium,Low
270,7,Monday,Cloudy,Ring Road,Medium,High
10,15,Sunday,Sunny,Ring Road,Low,Low
76,16,Saturday,Sunny,Main Road,Low,Low
140,12,Monday,Rainy,College Road,Medium,Low
183,9,Saturday,Cloudy,Highway Junction,Medium,Medium
289,7,Monday,Sunny,College Road,High,High
135,17,Saturday,Rainy,Main Road,High,Medium
141,6,Friday,Stormy,Ring Road,High,Medium
96,15,Saturday,Rainy,Highway Junction,Low,Low
71,2,Tuesday,Stormy,Market Street,Medium,Low
170,19,Wednesday,Rainy,College Road,High,High
85,2,Friday,Sunny,Ring Road,Medium,Low
193,2,Wednesday,Rainy,College Road,High,High
360,18,Friday,Sunny,Ring Road,Low,High
18,23,Sunday,Sunny,Ring Road,Low,Low
308,20,Wednesday,Stormy,Highway Junction,High,High
32,10,Saturday,Rainy,College Road,Medium,Low
76,10,Sunday,Sunny,College Road,Low,Low
95,9,Saturday,Cloudy,Main Road,Medium,Medium
143,21,Thursday,Cloudy,Main Road,High,Medium
75,14,Wednesday,Rainy,Highway Junction,High,High
47,12,Saturday,Sunny,College Road,High,Low
265,7,Wednesday,Sunny,Market Street,Low,High
99,16,Saturday,Cloudy,Highway Junction,Low,Low
160,14,Friday,Cloudy,Market Street,Medium,Medium
359,18,Wednesday,Sunny,Ring Road,Medium,High
59,20,Sunday,Sunny,Highway Junction,Low,Low
248,9,Monday,Rainy,Market Street,Medium,High
43,1,Tuesday,Cloudy,Ring Road,Low,Low
102,13,Wednesday,Cloudy,College Road,Low,Low
102,3,Monday,Cloudy,Highway Junction,Low,Low
99,23,Saturday,Sunny,Ring Road,High,Medium
82,4,Saturday,Cloudy,Ring Road,Medium,Low
114,22,Thursday,Sunny,Ring Road,High,Low
141,21,Monday,Cloudy,Ring Road,Medium,Medium
60,14,Sunday,Cloudy,College Road,High,Low
338,20,Wednesday,Cloudy,Main Road,Medium,High
102,2,Sunday,Rainy,Highway Junction,Medium,Low
169,16,Friday,Rainy,Market Street,Medium,Medium
46,3,Saturday,Stormy,Main Road,Medium,Low
316,20,Thursday,Sunny,Highway Junction,Medium,High
106,5,Friday,Stormy,Main Road,High,Medium
126,4,Wednesday,Sunny,Main Road,Low,Low
133,6,Thursday,Cloudy,Highway Junction,Low,Medium
230,19,Thursday,Rainy,Highway Junction,Medium,High
308,7,Tuesday,Rainy,College Road,High,High
100,12,Sunday,Cloudy,Main Road,High,Medium
202,17,Saturday,Cloudy,College Road,High,Medium
65,10,Friday,Sunny,College Road,Low,Low
56,8,Sunday,Cloudy,Highway Junction,Medium,Medium
47,14,Saturday,Sunny,Market Street,High,Low
83,0,Thursday,Rainy,Main Road,Medium,Low
134,10,Monday,Rainy,Market Street,High,Medium
246,20,Tuesday,Cloudy,Ring Road,Low,High
64,16,Monday,Sunny,Market Street,Low,Low
92,6,Wednesday,Sunny,Main Road,Medium,Low
36,22,Saturday,Cloudy,Highway Junction,Medium,Low
71,12,Tuesday,Sunny,Main Road,Medium,Low
98,0,Wednesday,Sunny,Main Road,High,Low
74,5,Thursday,Sunny,Main Road,Low,Low
79,13,Sunday,Sunny,Ring Road,Low,Low
330,18,Tuesday,Rainy,College Road,Low,High
107,14,Thursday,Sunny,Ring Road,High,Medium
75,15,Sunday,Sunny,Main Road,Medium,Low
38,16,Thursday,Rainy,College Road,Medium,Low
74,13,Sunday,Cloudy,Main Road,Low,Low
205,10,Monday,Sunny,Highway Junction,Medium,Medium
314,9,Tuesday,Sunny,Main Road,Low,High
126,12,Tuesday,Sunny,College Road,Low,Low
174,7,Monday,Sunny,Market Street,Medium,Medium
88,21,Friday,Sunny,Main Road,Low,Low
51,22,Tuesday,Sunny,Main Road,Medium,Low
85,0,Sunday,Sunny,Ring Road,Low,Low
16,2,Saturday,Sunny,Main Road,Low,Low
96,2,Saturday,Sunny,College Road,Medium,Low
158,20,Sunday,Sunny,Highway Junction,Low,Medium
154,1,Monday,Sunny,College Road,Low,Low
262,17,Tuesday,Sunny,Main Road,Medium,High
106,14,Sunday,Cloudy,Market Street,Low,Low
139,3,Thursday,Cloudy,Ring Road,High,Medium
129,6,Monday,Sunny,Main Road,Medium,Medium
54,4,Saturday,Sunny,Highway Junction,Medium,Low
160,1,Friday,Cloudy,Market Street,Low,Low
52,23,Sunday,Cloudy,Ring Road,Low,Low
184,17,Saturday,Sunny,College Road,Medium,Medium
131,22,Friday,Rainy,Ring Road,Low,Low
180,9,Saturday,Rainy,Ring Road,Medium,Medium
115,2,Wednesday,Rainy,Market Street,High,Medium
344,18,Monday,Sunny,Market Street,High,High
111,12,Wednesday,Stormy,Market Street,High,Medium
61,16,Tuesday,Sunny,Main Road,Low,Low
136,19,Sunday,Cloudy,Main Road,Low,Low
329,9,Monday,Rainy,Main Road,Medium,High
148,13,Monday,Sunny,Ring Road,Low,Low
49,12,Saturday,Sunny,Main Road,Low,Low
88,15,Wednesday,Cloudy,Ring Road,High,Medium
71,15,Sunday,Cloudy,Highway Junction,Low,Low
139,14,Wednesday,Sunny,Highway Junction,Medium,Medium
126,16,Friday,Sunny,College Road,Low,Low
136,22,Friday,Sunny,Ring Road,Medium,Medium
179,2,Friday,Cloudy,Highway Junction,Low,Medium
72,22,Wednesday,Sunny,Highway Junction,Medium,Low
91,4,Tuesday,Rainy,College Road,Low,Medium
100,3,Saturday,Rainy,Highway Junction,Low,Low
155,19,Sunday,Cloudy,Highway Junction,Low,Medium
160,4,Wednesday,Sunny,Highway Junction,Low,Medium
386,18,Friday,Stormy,Ring Road,Medium,High
90,15,Monday,Cloudy,College Road,Medium,Low
81,3,Friday,Cloudy,Ring Road,Low,Low
132,14,Monday,Sunny,Ring Road,High,High
150,10,Wednesday,Stormy,Market Street,High,Medium
67,12,Monday,Cloudy,Ring Road,Low,Low
254,19,Monday,Cloudy,Market Street,Medium,Medium
173,11,Tuesday,Sunny,Highway Junction,Low,Medium
117,6,Thursday,Cloudy,Main Road,Medium,Medium
152,13,Tuesday,Sunny,Highway Junction,Medium,Low
211,17,Friday,Sunny,Ring Road,High,High
148,12,Thursday,Sunny,College Road,High,Medium
257,19,Thursday,Rainy,Market Street,Low,High
172,3,Friday,Sunny,Market Street,Medium,Low
67,6,Saturday,Sunny,Highway Junction,High,Low
146,12,Friday,Rainy,Market Street,Low,Low
91,21,Saturday,Sunny,College Road,High,Medium
58,21,Saturday,Cloudy,College Road,Low,Low
117,11,Thursday,Sunny,Market Street,High,Medium
27,15,Saturday,Stormy,Market Street,High,Low
180,1,Monday,Cloudy,College Road,Medium,Medium
105,11,Friday,Cloudy,College Road,Low,Medium
213,5,Wednesday,Sunny,Market Street,Low,Medium
10,10,Saturday,Sunny,Highway Junction,Medium,Low
111,10,Sunday,Sunny,Main Road,Low,Medium
10,10,Saturday,Cloudy,Market Street,High,Low
125,13,Saturday,Cloudy,Main Road,Medium,Medium
87,10,Sunday,Rainy,Highway Junction,Low,Medium
213,18,Wednesday,Rainy,College Road,Low,High
35,3,Saturday,Sunny,Main Road,Medium,Low
116,22,Monday,Rainy,Ring Road,Medium,Medium
98,18,Saturday,Sunny,Market Street,Medium,Low
122,13,Sunday,Rainy,Market Street,Low,Medium
168,19,Saturday,Sunny,Main Road,High,Medium
247,9,Monday,Cloudy,College Road,Low,High
389,20,Thursday,Cloudy,Highway Junction,Medium,High
209,2,Monday,Sunny,Market Street,Low,Medium
140,17,Saturday,Sunny,College Road,Low,Low
55,4,Thursday,Sunny,Ring Road,Medium,Low
45,10,Saturday,Rainy,Highway Junction,High,Low
89,0,Sunday,Sunny,Ring Road,High,Low
173,18,Saturday,Cloudy,College Road,Low,Medium
119,8,Sunday,Rainy,Highway Junction,High,Medium
62,1,Sunday,Cloudy,College Road,Low,Low
134,11,Tuesday,Rainy,Ring Road,Medium,Medium
175,1,Monday,Rainy,Ring Road,High,High
269,20,Monday,Sunny,Highway Junction,Medium,High
126,12,Tuesday,Rainy,College Road,Medium,Medium
139,6,Tuesday,Sunny,College Road,Low,Low
10,14,Friday,Cloudy,Highway Junction,Low,Low
155,19,Sunday,Cloudy,Market Street,Low,Medium
147,2,Friday,Rainy,Highway Junction,Low,Medium
54,23,Saturday,Cloudy,Highway Junction,Low,Low
127,16,Thursday,Rainy,Main Road,Low,Low
163,10,Friday,Sunny,College Road,Low,Low
154,18,Sunday,Sunny,Main Road,Medium,Medium
25,12,Sunday,Sunny,Main Road,Low,Low
79,22,Tuesday,Sunny,Highway Junction,Low,Low
396,18,Wednesday,Stormy,College Road,Medium,High
95,22,Wednesday,Cloudy,Market Street,Low,Medium
133,0,Wednesday,Rainy,Market Street,Low,Medium
83,12,Saturday,Cloudy,Highway Junction,High,Low
42,12,Thursday,Sunny,Highway Junction,Medium,Low
125,8,Friday,Sunny,Market Street,Medium,Medium
48,12,Saturday,Cloudy,Main Road,Medium,Low
288,17,Thursday,Sunny,Market Street,Low,High
180,8,Saturday,Cloudy,Main Road,High,High
127,16,Friday,Sunny,College Road,High,Medium
305,17,Tuesday,Sunny,Market Street,Low,High
51,20,Sunday,Cloudy,Market Street,Medium,Medium
72,2,Friday,Rainy,Highway Junction,Low,Low
50,15,Tuesday,Cloudy,Market Street,High,Low
91,0,Monday,Sunny,Main Road,Low,Low
102,12,Tuesday,Cloudy,Ring Road,Low,Low
117,9,Sunday,Rainy,Main Road,Low,Low
73,14,Monday,Sunny,Main Road,Low,Low
136,2,Sunday,Cloudy,College Road,Medium,Medium
149,12,Tuesday,Sunny,College Road,Medium,Medium
56,13,Sunday,Sunny,College Road,Low,Low
225,9,Friday,Rainy,Main Road,High,High
105,6,Sunday,Stormy,College Road,High,Medium
146,17,Sunday,Sunny,Main Road,Low,Medium
374,9,Thursday,Cloudy,Market Street,Low,High
302,18,Friday,Sunny,Highway Junction,Low,High
104,3,Monday,Rainy,Highway Junction,High,Medium
60,3,Saturday,Sunny,Market Street,High,Low
312,7,Wednesday,Sunny,Highway Junction,Medium,High
132,9,Sunday,Rainy,Main Road,High,Medium
69,23,Saturday,Sunny,Market Street,Low,Low
113,21,Friday,Cloudy,Market Street,High,Medium
130,6,Wednesday,Sunny,Main Road,Medium,Low
117,2,Wednesday,Sunny,Market Street,High,Medium
177,8,Sunday,Rainy,Ring Road,Medium,Medium
85,16,Monday,Cloudy,College Road,High,Low
161,16,Friday,Sunny,Highway Junction,Low,Low
37,14,Sunday,Stormy,Ring Road,Medium,Low
70,12,Sunday,Sunny,College Road,Low,Low
103,1,Monday,Sunny,Highway Junction,Medium,Low
64,22,Sunday,Cloudy,College Road,Medium,Low
46,16,Tuesday,Cloudy,Main Road,Medium,Low
66,21,Friday,Sunny,Ring Road,Medium,Low
82,22,Tuesday,Rainy,College Road,Medium,Medium
103,4,Monday,Sunny,Market Street,Low,Low
157,1,Monday,Sunny,Highway Junction,Medium,Medium
114,5,Friday,Cloudy,Main Road,Medium,Medium
185,3,Thursday,Sunny,Market Street,Low,Medium
176,22,Monday,Sunny,Ring Road,Low,Low
132,16,Friday,Sunny,College Road,Medium,Medium
285,9,Tuesday,Cloudy,Ring Road,Medium,High
155,8,Saturday,Sunny,Highway Junction,High,Medium
67,18,Sunday,Sunny,Main Road,Low,Low
112,10,Saturday,Rainy,College Road,Medium,Medium
37,15,Saturday,Cloudy,Ring Road,Low,Low
129,23,Saturday,Sunny,Market Street,Low,Low
91,21,Thursday,Sunny,Highway Junction,High,Low
144,1,Sunday,Sunny,Highway Junction,High,Low
306,9,Tuesday,Sunny,Main Road,Medium,High
91,0,Thursday,Sunny,College Road,Medium,Low
113,22,Monday,Stormy,College Road,High,Medium
84,3,Sunday,Sunny,Market Street,High,Low
67,15,Monday,Stormy,College Road,Low,Low
141,0,Tuesday,Rainy,Market Street,High,Medium
76,0,Monday,Cloudy,Highway Junction,Medium,Low
92,3,Tuesday,Cloudy,Highway Junction,Low,Low
314,18,Tuesday,Cloudy,Main Road,Medium,High
90,17,Saturday,Cloudy,Highway Junction,Medium,Low
126,21,Thursday,Sunny,Ring Road,Low,Low
281,20,Wednesday,Sunny,College Road,Medium,High
141,1,Friday,Sunny,Highway Junction,Low,Low
325,17,Friday,Stormy,Ring Road,Medium,High
108,12,Tuesday,Rainy,Ring Road,Low,Medium
147,13,Monday,Rainy,Highway Junction,High,High
153,11,Wednesday,Sunny,Market Street,Medium,Low
38,13,Thursday,Stormy,Ring Road,High,Medium
102,16,Thursday,Sunny,Market Street,Medium,Medium
105,3,Thursday,Rainy,Highway Junction,High,Medium
394,9,Monday,Sunny,Ring Road,Medium,High
101,15,Thursday,Cloudy,Market Street,Low,Medium
80,12,Monday,Sunny,Market Street,High,Low
10,11,Thursday,Cloudy,Ring Road,Medium,Low
279,9,Tuesday,Stormy,College Road,Medium,High
313,19,Thursday,Cloudy,Market Street,Medium,High
57,15,Saturday,Sunny,Highway Junction,Medium,Low
215,21,Wednesday,Cloudy,Market Street,Low,Medium
313,20,Thursday,Sunny,Market Street,Medium,High
93,22,Friday,Rainy,Main Road,Medium,Low
277,7,Friday,Sunny,Market Street,Medium,High
10,13,Sunday,Sunny,Ring Road,High,Low
265,9,Monday,Cloudy,Main Road,High,High
82,3,Sunday,Sunny,Ring Road,Low,Low
239,18,Friday,Rainy,Main Road,Medium,High
56,11,Wednesday,Cloudy,Ring Road,Low,Low
172,15,Thursday,Sunny,College Road,Low,Medium
156,20,Tuesday,Rainy,Highway Junction,Low,Medium
74,5,Saturday,Sunny,Highway Junction,Low,Low
22,23,Saturday,Sunny,College Road,Medium,Low
309,17,Monday,Sunny,Main Road,Medium,High
190,9,Tuesday,Cloudy,Market Street,High,Medium
62,6,Sunday,Sunny,College Road,Low,Low
64,2,Thursday,Rainy,College Road,Medium,Low
128,11,Friday,Sunny,Highway Junction,High,Medium
87,14,Monday,Sunny,Main Road,Low,Medium
77,22,Wednesday,Sunny,Main Road,Low,Low
123,15,Tuesday,Cloudy,College Road,Low,Low
181,11,Tuesday,Rainy,Highway Junction,High,Medium
129,4,Tuesday,Sunny,Ring Road,Medium,Low
303,8,Thursday,Sunny,College Road,Medium,High
216,20,Monday,Sunny,Ring Road,Medium,High
149,14,Wednesday,Sunny,College Road,Low,Low
102,4,Friday,Stormy,College Road,Medium,Medium
10,3,Saturday,Rainy,College Road,Low,Low
127,21,Thursday,Cloudy,Market Street,Low,Medium
89,10,Saturday,Rainy,Highway Junction,Medium,Low
222,18,Friday,Sunny,Main Road,Low,Medium
144,18,Saturday,Sunny,Highway Junction,High,Medium
62,11,Sunday,Sunny,College Road,Medium,Low
102,22,Wednesday,Sunny,Highway Junction,Medium,Low
200,9,Thursday,Rainy,Highway Junction,Low,High
200,16,Tuesday,Sunny,Market Street,High,High
126,16,Tuesday,Sunny,Highway Junction,Medium,Low
115,16,Tuesday,Cloudy,Market Street,Medium,Medium
51,15,Tuesday,Cloudy,College Road,High,Low
117,3,Thursday,Rainy,Main Road,Low,Medium
143,11,Monday,Cloudy,Highway Junction,High,Medium
273,19,Friday,Sunny,Highway Junction,Low,Medium
102,12,Friday,Cloudy,College Road,Low,Low
295,18,Thursday,Cloudy,Main Road,Low,High
116,22,Friday,Stormy,Ring Road,Low,Medium
177,5,Tuesday,Sunny,Market Street,Medium,Medium
399,8,Monday,Sunny,Ring Road,Low,High
78,10,Saturday,Sunny,Highway Junction,Medium,Low
101,10,Saturday,Cloudy,Ring Road,Low,Low
160,20,Sunday,Rainy,Highway Junction,Medium,Medium
132,18,Saturday,Sunny,Main Road,Medium,Medium
108,12,Wednesday,Cloudy,Highway Junction,Low,Low
109,15,Sunday,Rainy,Market Street,Low,Low
105,1,Friday,Rainy,Ring Road,High,Medium
84,1,Sunday,Sunny,Highway Junction,Medium,Low
67,6,Saturday,Cloudy,Highway Junction,Low,Low
76,4,Saturday,Cloudy,Main Road,Medium,Low
271,18,Wednesday,Sunny,Highway Junction,Low,Medium
77,6,Sunday,Cloudy,Ring Road,High,Low
193,6,Wednesday,Rainy,Ring Road,High,High
56,3,Sunday,Sunny,Market Street,Low,Low
189,18,Sunday,Stormy,College Road,Medium,High
138,11,Monday,Sunny,Highway Junction,Low,Low
23,11,Sunday,Rainy,Highway Junction,Low,Low
67,11,Saturday,Stormy,Highway Junction,Medium,Low
142,5,Tuesday,Cloudy,College Road,Medium,Medium
76,5,Saturday,Rainy,Ring Road,Low,Low
156,2,Wednesday,Sunny,College Road,Low,Medium
313,9,Thursday,Sunny,Main Road,Low,High
55,12,Monday,Sunny,Highway Junction,High,Low
354,7,Friday,Cloudy,Market Street,Low,High
94,13,Thursday,Rainy,Market Street,Medium,Low
337,8,Monday,Stormy,College Road,Medium,High
196,21,Tuesday,Sunny,Market Street,Low,Medium
171,6,Thursday,Stormy,Main Road,Low,High
125,0,Tuesday,Sunny,College Road,Low,Low
47,6,Saturday,Sunny,Ring Road,Medium,Low
135,12,Wednesday,Cloudy,Ring Road,High,Medium
236,17,Tuesday,Sunny,Highway Junction,Low,High
106,5,Saturday,Rainy,Highway Junction,Low,Low
124,16,Friday,Cloudy,Ring Road,Medium,Low
107,4,Friday,Sunny,Ring Road,Low,Low
36,2,Saturday,Cloudy,Ring Road,Medium,Low
131,20,Sunday,Sunny,Highway Junction,Medium,Low
86,4,Saturday,Rainy,Ring Road,High,Low
194,8,Wednesday,Rainy,College Road,Low,Medium
244,19,Friday,Cloudy,Ring Road,Low,Medium
116,13,Saturday,Sunny,Highway Junction,High,Medium
95,2,Wednesday,Cloudy,Main Road,High,Medium
132,1,Wednesday,Rainy,Highway Junction,Medium,Medium
150,5,Tuesday,Rainy,Ring Road,Low,Medium
117,5,Sunday,Rainy,Market Street,Medium,Low
135,5,Friday,Sunny,Ring Road,Low,Low
169,15,Monday,Cloudy,Highway Junction,Medium,Medium
111,5,Wednesday,Cloudy,Market Street,Low,Low
257,20,Monday,Cloudy,College Road,Low,High
221,7,Thursday,Rainy,Ring Road,Low,High
333,9,Tuesday,Cloudy,Highway Junction,Low,High
108,15,Saturday,Cloudy,College Road,Low,Low
316,18,Friday,Sunny,Highway Junction,Medium,High
197,9,Sunday,Sunny,Market Street,Medium,Medium
204,0,Wednesday,Sunny,Ring Road,Low,Medium
305,17,Tuesday,Rainy,Highway Junction,Medium,High
123,0,Thursday,Sunny,Market Street,High,Medium
52,2,Sunday,Cloudy,Market Street,Low,Low
159,0,Friday,Sunny,Ring Road,High,Medium
118,16,Wednesday,Sunny,Main Road,Low,Medium
73,10,Thursday,Rainy,College Road,High,Low
300,17,Tuesday,Cloudy,Market Street,Medium,High
149,4,Monday,Rainy,Ring Road,High,Medium
111,12,Thursday,Sunny,Market Street,Low,Low
127,4,Monday,Sunny,Market Street,Medium,Medium
142,3,Thursday,Sunny,Ring Road,Low,Medium
163,3,Friday,Cloudy,College Road,Low,Medium
199,18,Sunday,Rainy,Main Road,Low,High
111,0,Wednesday,Stormy,Ring Road,Low,Medium
42,4,Wednesday,Rainy,Highway Junction,Medium,Low
148,4,Wednesday,Rainy,Ring Road,Medium,Medium
99,3,Thursday,Rainy,Main Road,Low,Low
38,23,Saturday,Rainy,College Road,Low,Low
38,15,Sunday,Rainy,Market Street,Medium,Low
316,9,Friday,Rainy,Highway Junction,High,High
242,19,Thursday,Rainy,Highway Junction,High,High
90,2,Monday,Sunny,Highway Junction,High,Low
94,1,Monday,Stormy,Highway Junction,Medium,Medium
83,21,Friday,Sunny,Highway Junction,High,Low
270,9,Friday,Cloudy,Market Street,Low,High
117,5,Sunday,Cloudy,Market Street,High,Medium
146,5,Friday,Rainy,Ring Road,High,Medium
104,6,Wednesday,Rainy,Ring Road,Low,Medium
147,10,Tuesday,Cloudy,Highway Junction,Medium,Low
122,4,Wednesday,Sunny,Market Street,Low,Low
121,18,Saturday,Cloudy,Ring Road,High,Medium
226,18,Friday,Sunny,Ring Road,Low,Medium
137,4,Friday,Cloudy,College Road,Low,Medium
79,0,Sunday,Cloudy,Ring Road,Low,Low
109,15,Monday,Cloudy,Ring Road,High,Medium
231,8,Tuesday,Cloudy,Ring Road,Low,Medium
94,21,Saturday,Cloudy,Ring Road,Medium,Medium
23,15,Sunday,Sunny,Ring Road,High,Low
136,8,Sunday,Sunny,Ring Road,High,Medium
40,23,Tuesday,Rainy,Main Road,Medium,Low
151,4,Thursday,Stormy,Main Road,Medium,High
216,17,Sunday,Sunny,Main Road,Low,Medium
62,13,Sunday,Rainy,Highway Junction,Low,Low
253,18,Monday,Sunny,Ring Road,Medium,High
155,13,Wednesday,Cloudy,Main Road,Low,Medium
65,22,Saturday,Sunny,Main Road,Medium,Low
142,3,Thursday,Sunny,Main Road,High,Medium
74,21,Saturday,Stormy,College Road,Low,Low
130,6,Monday,Cloudy,College Road,High,High
165,1,Monday,Cloudy,Market Street,High,Medium
299,19,Friday,Cloudy,College Road,Medium,High
138,1,Monday,Rainy,Ring Road,Medium,Medium
130,4,Wednesday,Rainy,Highway Junction,Medium,Medium
80,4,Saturday,Cloudy,College Road,Low,Low
209,4,Thursday,Cloudy,Main Road,Low,High
262,19,Tuesday,Sunny,College Road,Low,High
335,8,Thursday,Sunny,Ring Road,Medium,High
98,16,Thursday,Cloudy,Main Road,High,Medium
166,4,Thursday,Sunny,Market Street,Low,Medium
10,14,Saturday,Cloudy,Main Road,Low,Low
168,13,Tuesday,Cloudy,Market Street,High,Medium
74,13,Saturday,Sunny,Ring Road,Medium,Low
137,5,Wednesday,Rainy,College Road,Medium,Medium
55,10,Friday,Sunny,Ring Road,Low,Low
28,15,Sunday,Rainy,Highway Junction,Low,Low
306,8,Monday,Cloudy,Market Street,High,High
72,5,Friday,Sunny,Main Road,Medium,Medium
92,13,Monday,Cloudy,Ring Road,Medium,Low
150,13,Monday,Cloudy,Ring Road,Low,Low
95,13,Tuesday,Sunny,Ring Road,Medium,Low
199,9,Saturday,Cloudy,College Road,Low,Medium
82,15,Monday,Cloudy,Market Street,Low,Low
141,17,Sunday,Sunny,Highway Junction,Low,Low
137,5,Tuesday,Cloudy,Ring Road,Medium,Medium
143,10,Friday,Rainy,Ring Road,Low,Low
305,20,Wednesday,Cloudy,Highway Junction,Medium,High
102,18,Sunday,Cloudy,College Road,Low,Low
206,4,Friday,Sunny,Main Road,Low,Medium
122,0,Tuesday,Cloudy,Main Road,Low,Medium
112,13,Saturday,Cloudy,Highway Junction,Medium,Low
87,16,Friday,Cloudy,Highway Junction,Low,Low
272,17,Wednesday,Sunny,Ring Road,High,High
74,2,Tuesday,Rainy,Ring Road,Low,Low
150,21,Tuesday,Sunny,Highway Junction,Low,Medium
179,7,Saturday,Sunny,Ring Road,Low,Medium
110,6,Thursday,Sunny,Highway Junction,Low,Low
101,6,Monday,Cloudy,College Road,Medium,Low
358,18,Thursday,Cloudy,Market Street,Medium,High
90,13,Sunday,Sunny,Market Street,Medium,Low
252,9,Friday,Sunny,Highway Junction,Medium,High
354,7,Wednesday,Sunny,Highway Junction,Medium,High
21,13,Sunday,Sunny,Ring Road,Medium,Low
106,10,Tuesday,Rainy,Highway Junction,High,Medium
145,1,Friday,Rainy,Ring Road,Medium,Medium
155,14,Monday,Rainy,College Road,Medium,Medium
267,7,Monday,Sunny,Main Road,Medium,High
32,2,Sunday,Stormy,College Road,High,Medium
59,22,Saturday,Cloudy,Ring Road,Low,Low
139,2,Wednesday,Rainy,College Road,Low,Low
70,16,Thursday,Rainy,Highway Junction,Medium,Low
171,12,Monday,Cloudy,College Road,Low,Medium
171,0,Friday,Sunny,Ring Road,Medium,Low
95,16,Tuesday,Sunny,Market Street,Low,Low
10,6,Saturday,Sunny,Main Road,Low,Low
128,12,Wednesday,Cloudy,Market Street,High,Medium
120,10,Friday,Cloudy,Ring Road,Medium,Low
150,22,Wednesday,Rainy,Ring Road,Medium,Medium
10,22,Sunday,Sunny,Highway Junction,Low,Low
64,14,Thursday,Sunny,Main Road,High,Medium
95,12,Saturday,Cloudy,College Road,High,Medium
310,18,Monday,Sunny,Market Street,High,High
142,7,Saturday,Sunny,Market Street,Medium,Low
95,15,Saturday,Sunny,Highway Junction,High,Low
246,17,Friday,Rainy,Main Road,Medium,High
192,20,Saturday,Sunny,Highway Junction,Low,Medium
153,14,Monday,Sunny,Ring Road,High,Medium
102,5,Sunday,Stormy,Market Street,Low,Low
191,4,Monday,Rainy,Main Road,Low,Medium
355,9,Wednesday,Rainy,Highway Junction,Low,High
193,8,Sunday,Stormy,College Road,Medium,High
38,21,Wednesday,Cloudy,Market Street,Medium,Low
95,23,Saturday,Sunny,Main Road,Medium,Low
205,11,Monday,Cloudy,Main Road,High,Medium
79,11,Friday,Sunny,Market Street,High,Medium
121,5,Wednesday,Rainy,Main Road,Medium,Medium
29,11,Saturday,Sunny,Market Street,Medium,Low
59,5,Sunday,Sunny,Ring Road,Medium,Low
163,11,Monday,Sunny,Main Road,Low,Low
76,6,Sunday,Sunny,Main Road,High,Low
251,8,Wednesday,Sunny,Highway Junction,High,High
146,11,Monday,Sunny,Market Street,Medium,Low
97,6,Tuesday,Stormy,Market Street,Medium,High
166,15,Friday,Cloudy,College Road,High,Medium
230,8,Tuesday,Rainy,College Road,Low,High
283,18,Tuesday,Cloudy,Main Road,Medium,High
158,0,Monday,Cloudy,Market Street,Low,Medium
155,12,Monday,Cloudy,Main Road,Low,Medium
130,16,Wednesday,Sunny,College Road,Low,Medium
116,1,Friday,Cloudy,College Road,Low,Low
86,4,Saturday,Sunny,Ring Road,Medium,Low
111,7,Thursday,Cloudy,Main Road,Medium,Medium
71,12,Monday,Sunny,Ring Road,Low,Low
93,14,Wednesday,Cloudy,Main Road,Medium,Low
149,11,Thursday,Rainy,Main Road,Medium,Medium
127,1,Wednesday,Sunny,Market Street,High,Medium
40,22,Sunday,Sunny,Main Road,Low,Low
216,14,Friday,Cloudy,Market Street,Low,Medium
258,9,Wednesday,Rainy,Highway Junction,Low,High
133,6,Tuesday,Sunny,Highway Junction,Low,Medium
191,23,Tuesday,Sunny,College Road,Low,Medium
42,10,Wednesday,Cloudy,Market Street,Low,Low
216,9,Thursday,Sunny,Main Road,High,High
29,1,Thursday,Cloudy,Ring Road,Medium,Low
85,1,Wednesday,Sunny,College Road,High,Medium
161,19,Saturday,Sunny,Main Road,Medium,Medium
66,23,Friday,Rainy,Ring Road,Medium,Medium
47,2,Wednesday,Sunny,College Road,Medium,Low
150,10,Friday,Sunny,Ring Road,High,Medium
80,9,Saturday,Cloudy,Market Street,Low,Medium
169,23,Monday,Cloudy,Highway Junction,Low,Medium
312,8,Monday,Sunny,Market Street,Medium,High
214,9,Thursday,Rainy,Main Road,Low,High
182,15,Friday,Rainy,College Road,High,High
118,0,Friday,Rainy,Highway Junction,Low,Low
113,4,Thursday,Cloudy,Main Road,Low,Medium
280,18,Monday,Rainy,Market Street,High,High
296,8,Friday,Sunny,Market Street,Medium,High
131,22,Monday,Sunny,Highway Junction,Medium,Medium
120,8,Sunday,Sunny,Main Road,Medium,Medium
293,8,Tuesday,Cloudy,Ring Road,High,High
125,3,Tuesday,Sunny,Highway Junction,High,Low
254,7,Wednesday,Sunny,College Road,Medium,Medium
128,14,Monday,Sunny,College Road,Medium,Medium
100,9,Sunday,Sunny,Main Road,Low,Low
127,22,Thursday,Sunny,Market Street,Low,Low
305,9,Thursday,Sunny,College Road,Medium,High
327,7,Tuesday,Sunny,Market Street,Low,High
139,4,Tuesday,Sunny,Highway Junction,High,Medium
41,11,Sunday,Cloudy,Market Street,High,Low
96,1,Saturday,Cloudy,Highway Junction,High,Low
132,20,Sunday,Sunny,Ring Road,High,Medium
191,10,Wednesday,Sunny,Highway Junction,Medium,Medium
130,8,Tuesday,Sunny,Ring Road,Low,Medium
80,14,Thursday,Rainy,Main Road,Medium,Medium
91,10,Friday,Cloudy,Main Road,High,Medium
111,18,Saturday,Rainy,Ring Road,Medium,Low
192,1,Tuesday,Cloudy,Highway Junction,Low,Medium
67,1,Saturday,Rainy,Main Road,Medium,Low
172,4,Tuesday,Rainy,Main Road,Low,Medium
71,10,Sunday,Rainy,Highway Junction,Low,Low
264,8,Friday,Rainy,Ring Road,High,High
119,7,Sunday,Sunny,Ring Road,Medium,Low
196,7,Thursday,Cloudy,Market Street,High,Medium
94,18,Saturday,Sunny,College Road,Low,Medium
307,7,Thursday,Cloudy,Highway Junction,Medium,High
264,20,Wednesday,Rainy,Highway Junction,Medium,High
261,8,Thursday,Cloudy,Ring Road,Low,High
31,23,Wednesday,Rainy,College Road,Low,Low
58,21,Saturday,Sunny,Main Road,High,Low
134,16,Monday,Rainy,College Road,Medium,Medium
208,2,Thursday,Cloudy,Highway Junction,Low,Medium
130,10,Sunday,Cloudy,Main Road,High,Low
135,0,Saturday,Rainy,Highway Junction,Low,Medium
143,21,Monday,Sunny,College Road,Medium,Medium
195,18,Monday,Sunny,Highway Junction,Medium,Medium
109,22,Monday,Rainy,College Road,Medium,Medium
100,3,Saturday,Cloudy,Main Road,Medium,Low
147,10,Monday,Rainy,Market Street,Low,Low
189,22,Friday,Sunny,Highway Junction,Low,Medium
341,20,Wednesday,Sunny,College Road,Low,High
64,3,Saturday,Rainy,Market Street,High,Medium
154,11,Wednesday,Stormy,Main Road,Low,Medium
147,11,Friday,Rainy,Ring Road,High,Medium
305,8,Wednesday,Sunny,Main Road,Medium,High
168,7,Monday,Rainy,Main Road,High,Medium
105,15,Tuesday,Rainy,Main Road,Medium,Medium
54,11,Sunday,Sunny,College Road,Low,Low
112,1,Tuesday,Sunny,Market Street,Medium,Low
51,14,Thursday,Cloudy,Ring Road,Medium,Low
265,8,Monday,Rainy,Highway Junction,Medium,High
261,17,Friday,Cloudy,Main Road,High,High
293,9,Monday,Cloudy,College Road,Medium,High
70,10,Tuesday,Sunny,Highway Junction,High,Low
196,9,Sunday,Cloudy,College Road,Low,Medium
143,0,Tuesday,Sunny,Main Road,Medium,Low
317,7,Tuesday,Cloudy,Ring Road,High,High
185,0,Wednesday,Cloudy,Highway Junction,Low,Medium
42,12,Saturday,Sunny,Highway Junction,Medium,Low
78,14,Tuesday,Rainy,Market Street,Low,Medium
168,1,Thursday,Sunny,Ring Road,Medium,Medium
330,20,Wednesday,Rainy,Highway Junction,Low,High
231,18,Tuesday,Sunny,College Road,High,High
87,16,Tuesday,Stormy,College Road,High,Medium
81,2,Sunday,Cloudy,Main Road,Low,Low
252,17,Wednesday,Cloudy,College Road,High,High
319,18,Friday,Cloudy,Ring Road,Medium,High
50,13,Saturday,Rainy,Market Street,Low,Low
153,19,Sunday,Rainy,Ring Road,Low,Low
169,8,Saturday,Cloudy,Market Street,Low,Medium
112,10,Friday,Cloudy,Ring Road,High,Medium
75,6,Friday,Sunny,Main Road,High,Low
73,22,Saturday,Sunny,Main Road,Medium,Low
62,4,Wednesday,Sunny,Market Street,Medium,Low
91,0,Thursday,Rainy,Market Street,Low,Low
89,15,Sunday,Rainy,Main Road,Low,Low
105,21,Friday,Rainy,College Road,Low,Low
41,4,Sunday,Sunny,Ring Road,Low,Low
63,0,Friday,Stormy,Main Road,Medium,Medium
87,16,Saturday,Rainy,Main Road,High,Medium
68,0,Saturday,Cloudy,Ring Road,High,Low
301,17,Friday,Cloudy,Main Road,Medium,High
271,19,Thursday,Sunny,Market Street,Low,High
77,22,Wednesday,Sunny,College Road,High,Low
145,21,Monday,Sunny,Main Road,Medium,Low
217,9,Saturday,Cloudy,Market Street,Low,High
158,12,Wednesday,Sunny,College Road,Low,Low
37,10,Sunday,Rainy,Highway Junction,High,Low
112,2,Wednesday,Cloudy,College Road,Medium,Medium
137,2,Monday,Cloudy,College Road,Low,Medium
87,11,Monday,Cloudy,College Road,Low,Low
84,12,Monday,Cloudy,Market Street,Medium,Low
156,12,Tuesday,Sunny,Market Street,Low,Low
203,12,Wednesday,Cloudy,Ring Road,High,High
135,0,Sunday,Rainy,Market Street,Low,Low
108,15,Friday,Rainy,Highway Junction,Medium,Medium
150,5,Tuesday,Cloudy,Main Road,Low,Medium
19,4,Saturday,Cloudy,Market Street,Medium,Low
97,12,Sunday,Sunny,College Road,Low,Low
60,16,Wednesday,Sunny,Ring Road,Medium,Low
253,20,Thursday,Sunny,College Road,Low,Medium
137,9,Sunday,Cloudy,Ring Road,Low,Low
86,11,Wednesday,Rainy,Market Street,Low,Low
177,3,Friday,Cloudy,Ring Road,Medium,Medium
276,8,Friday,Sunny,College Road,High,High
57,2,Tuesday,Cloudy,Market Street,High,Low
57,13,Wednesday,Cloudy,Main Road,High,Low
166,5,Friday,Rainy,Market Street,Medium,Medium
64,15,Saturday,Sunny,Main Road,Medium,Low
216,19,Tuesday,Sunny,Highway Junction,Low,High
79,0,Tuesday,Rainy,Market Street,High,Medium
248,17,Thursday,Sunny,College Road,Low,High
157,19,Sunday,Cloudy,College Road,Low,Low
94,0,Tuesday,Sunny,Ring Road,Medium,Low
94,22,Friday,Stormy,Ring Road,Medium,Medium
160,0,Thursday,Rainy,Market Street,Low,Medium
213,13,Tuesday,Rainy,Ring Road,Medium,High
64,15,Sunday,Sunny,Market Street,High,Low
150,6,Friday,Sunny,Ring Road,High,Medium
151,13,Wednesday,Sunny,Main Road,Low,Low
124,22,Wednesday,Rainy,Ring Road,Medium,Medium
181,12,Friday,Cloudy,Market Street,Medium,Medium
13,2,Saturday,Cloudy,Main Road,Low,Low
67,5,Monday,Cloudy,Ring Road,Low,Low
140,15,Tuesday,Sunny,Highway Junction,Medium,Medium
173,0,Thursday,Cloudy,College Road,Medium,Medium
71,12,Thursday,Sunny,Ring Road,High,Medium
124,22,Monday,Sunny,Ring Road,High,Medium
158,4,Wednesday,Sunny,Market Street,Low,Medium
77,6,Tuesday,Sunny,Main Road,Low,Low
91,5,Monday,Cloudy,Highway Junction,Medium,Low
107,2,Wednesday,Sunny,Ring Road,Low,Low
105,6,Friday,Cloudy,College Road,Medium,Low
61,17,Saturday,Cloudy,Market Street,Low,Low
81,22,Tuesday,Sunny,College Road,High,Low
315,8,Monday,Cloudy,Ring Road,Low,High
295,20,Thursday,Cloudy,College Road,Low,High
59,4,Sunday,Sunny,Main Road,Medium,Low
153,12,Friday,Sunny,Market Street,High,Medium
185,4,Monday,Sunny,Market Street,Low,Medium
159,6,Wednesday,Sunny,Market Street,Low,Low
224,18,Tuesday,Rainy,Market Street,High,High
201,15,Tuesday,Sunny,Highway Junction,Medium,Medium
119,19,Sunday,Sunny,Highway Junction,Medium,Low
42,21,Saturday,Cloudy,College Road,Low,Low
112,12,Friday,Sunny,Highway Junction,High,Low
79,18,Sunday,Cloudy,Highway Junction,High,Low
49,5,Sunday,Cloudy,Ring Road,Low,Low
67,4,Thursday,Sunny,Market Street,Medium,Low
85,1,Thursday,Rainy,Highway Junction,Low,Low
124,5,Thursday,Sunny,College Road,Medium,Medium
322,19,Tuesday,Sunny,College Road,Low,High
271,17,Monday,Sunny,Market Street,Low,High
121,21,Friday,Sunny,College Road,Low,Low
152,9,Friday,Cloudy,Highway Junction,High,Medium
92,12,Saturday,Sunny,Main Road,Low,Low
87,2,Monday,Sunny,Main Road,Low,Low
369,17,Friday,Sunny,Market Street,Low,High
187,0,Tuesday,Cloudy,College Road,Medium,Medium
191,10,Wednesday,Cloudy,Ring Road,Low,Medium
28,2,Friday,Rainy,Market Street,Low,Low
393,17,Thursday,Rainy,College Road,Low,High
44,16,Saturday,Cloudy,Main Road,Medium,Low
134,23,Tuesday,Rainy,Market Street,High,Medium
10,14,Sunday,Rainy,Market Street,Medium,Low
166,7,Friday,Sunny,Market Street,Medium,High
155,11,Thursday,Sunny,Ring Road,High,Low
53,6,Wednesday,Rainy,Market Street,Medium,Low
324,19,Monday,Sunny,Ring Road,Medium,High
163,12,Sunday,Rainy,Market Street,High,Medium
335,8,Monday,Sunny,Market Street,Medium,High
55,5,Friday,Cloudy,College Road,High,Low
30,22,Sunday,Rainy,Highway Junction,Low,Low
53,22,Sunday,Sunny,Market Street,Medium,Low
131,0,Sunday,Cloudy,Main Road,Medium,Low
83,21,Thursday,Sunny,Market Street,Low,Low
142,14,Friday,Sunny,Highway Junction,High,Medium
10,5,Sunday,Sunny,Market Street,Medium,Low
91,15,Sunday,Cloudy,Main Road,Low,Low
211,3,Tuesday,Sunny,Ring Road,Medium,Medium
50,6,Thursday,Sunny,Ring Road,High,Low
101,3,Sunday,Rainy,Highway Junction,Low,Low
203,18,Wednesday,Sunny,Market Street,High,High
295,8,Monday,Rainy,Ring Road,Low,High
242,7,Wednesday,Sunny,Ring Road,Low,High
230,8,Friday,Cloudy,College Road,Low,Medium
166,2,Tuesday,Sunny,Highway Junction,Low,Medium
162,9,Tuesday,Sunny,Main Road,High,High
161,12,Thursday,Sunny,Market Street,Low,Medium
162,2,Thursday,Cloudy,Ring Road,High,Medium
360,9,Tuesday,Sunny,Highway Junction,Medium,High
95,4,Tuesday,Sunny,College Road,Medium,Medium
292,18,Tuesday,Sunny,College Road,High,High
93,5,Sunday,Sunny,Highway Junction,Low,Low
113,14,Tuesday,Sunny,Main Road,Low,Low
29,11,Sunday,Cloudy,Highway Junction,Low,Low
26,21,Monday,Cloudy,Highway Junction,Low,Low
250,19,Monday,Cloudy,Ring Road,Low,High
10,22,Sunday,Sunny,Ring Road,Medium,Low
134,22,Friday,Sunny,Highway Junction,Low,Low
90,0,Wednesday,Sunny,Ring Road,Low,Low
187,5,Thursday,Sunny,College Road,High,Medium
51,0,Sunday,Sunny,Ring Road,High,Low
157,6,Thursday,Stormy,Main Road,Medium,High
14,15,Saturday,Rainy,Ring Road,Medium,Low
116,8,Sunday,Sunny,Main Road,High,Medium
72,3,Wednesday,Sunny,Main Road,Medium,Medium
82,21,Thursday,Sunny,Highway Junction,Medium,Medium
297,9,Tuesday,Sunny,Ring Road,Low,High
73,14,Sunday,Sunny,Market Street,Medium,Low
344,19,Wednesday,Cloudy,Ring Road,Low,High
188,18,Friday,Sunny,Main Road,Medium,Medium
172,18,Sunday,Sunny,College Road,Low,Medium
155,22,Wednesday,Cloudy,Main Road,Low,Low
89,23,Friday,Sunny,Main Road,Low,Low
18,0,Thursday,Cloudy,Main Road,High,Low
89,5,Thursday,Sunny,College Road,Low,Low
112,23,Friday,Cloudy,Market Street,Medium,Medium
81,13,Friday,Sunny,Main Road,Low,Low
84,6,Thursday,Rainy,College Road,High,Medium
97,15,Tuesday,Cloudy,Highway Junction,Medium,Low
78,0,Sunday,Sunny,Main Road,Low,Low
117,19,Saturday,Sunny,College Road,Medium,Low
173,4,Friday,Sunny,Ring Road,Low,Low
107,12,Tuesday,Cloudy,College Road,Low,Low
328,19,Wednesday,Rainy,Highway Junction,High,High
301,7,Monday,Sunny,College Road,Low,High
115,11,Sunday,Sunny,Ring Road,Medium,Low
176,19,Sunday,Sunny,Market Street,Low,High
319,18,Tuesday,Sunny,Main Road,Low,High
142,11,Wednesday,Rainy,Ring Road,Low,Medium
135,3,Tuesday,Sunny,College Road,Medium,Medium
232,7,Friday,Cloudy,Ring Road,High,High
51,14,Saturday,Sunny,Main Road,Low,Low
192,18,Sunday,Cloudy,Ring Road,High,High
119,22,Wednesday,Sunny,Main Road,Medium,Medium
65,23,Sunday,Sunny,College Road,Low,Low
348,20,Thursday,Rainy,College Road,High,High
116,3,Sunday,Rainy,Market Street,Low,Medium
152,12,Thursday,Sunny,Ring Road,High,Medium
358,7,Thursday,Cloudy,Highway Junction,Medium,High
131,18,Saturday,Sunny,College Road,Medium,Medium
45,4,Saturday,Cloudy,Ring Road,Medium,Low
168,19,Friday,Cloudy,Main Road,Medium,High
62,10,Tuesday,Sunny,Market Street,Low,Low
72,22,Wednesday,Rainy,Highway Junction,Medium,Medium
307,18,Thursday,Stormy,College Road,Low,High
156,7,Saturday,Sunny,College Road,Medium,Medium
88,13,Tuesday,Cloudy,Highway Junction,High,Low
90,5,Thursday,Cloudy,Highway Junction,High,Low
282,19,Thursday,Rainy,Market Street,High,High
43,14,Saturday,Sunny,Ring Road,Low,Low
56,21,Sunday,Cloudy,Main Road,High,Low
216,19,Wednesday,Sunny,Market Street,Low,High
86,11,Friday,Cloudy,Main Road,High,Medium
113,18,Sunday,Sunny,Main Road,High,Medium
157,15,Monday,Sunny,College Road,High,Medium
321,20,Wednesday,Sunny,Market Street,Medium,High
75,0,Saturday,Rainy,College Road,Low,Low
73,3,Sunday,Cloudy,Highway Junction,Low,Low
127,0,Friday,Stormy,Highway Junction,Medium,Medium
58,21,Sunday,Rainy,College Road,Medium,Low
179,21,Thursday,Stormy,Main Road,Low,Medium
116,6,Tuesday,Sunny,College Road,High,Medium
118,12,Friday,Cloudy,College Road,Medium,Low
184,3,Monday,Sunny,College Road,Medium,Medium
327,9,Monday,Sunny,College Road,Low,High
52,23,Saturday,Cloudy,Highway Junction,Medium,Low
72,11,Thursday,Stormy,College Road,Low,Medium
177,9,Saturday,Cloudy,Ring Road,Medium,Medium
233,19,Friday,Rainy,College Road,Medium,High
230,9,Friday,Cloudy,College Road,Medium,Medium
39,3,Saturday,Sunny,Market Street,High,Low
138,4,Thursday,Sunny,Highway Junction,Low,Low
142,16,Sunday,Rainy,Ring Road,High,Medium
197,2,Wednesday,Cloudy,College Road,Medium,High
194,16,Monday,Cloudy,Market Street,Low,Medium
100,9,Saturday,Rainy,Main Road,Medium,Medium
318,9,Monday,Rainy,College Road,Medium,High
204,7,Saturday,Stormy,Ring Road,Low,High
163,1,Thursday,Rainy,Main Road,High,Medium
178,9,Sunday,Sunny,Main Road,Medium,Medium
46,14,Wednesday,Rainy,Ring Road,High,Low
278,8,Friday,Cloudy,Ring Road,Low,High
139,11,Tuesday,Cloudy,Highway Junction,Medium,Low
112,3,Tuesday,Cloudy,Ring Road,Low,Medium
171,18,Saturday,Sunny,Highway Junction,High,Medium
52,13,Tuesday,Sunny,Ring Road,Low,Low
59,22,Sunday,Sunny,Ring Road,Medium,Low
76,19,Sunday,Stormy,Market Street,Low,Medium
245,18,Thursday,Sunny,College Road,Medium,High
139,11,Monday,Sunny,Highway Junction,Medium,Medium
338,7,Thursday,Cloudy,Market Street,Medium,High
84,0,Saturday,Sunny,College Road,High,Low
224,7,Wednesday,Cloudy,Highway Junction,Low,High
294,18,Tuesday,Rainy,Main Road,Low,High
164,16,Thursday,Cloudy,Ring Road,Low,Medium
221,18,Thursday,Sunny,Highway Junction,Low,High
267,7,Wednesday,Rainy,Highway Junction,Low,High
97,10,Monday,Sunny,College Road,Low,Low
26,1,Sunday,Cloudy,Highway Junction,Medium,Low
51,16,Saturday,Sunny,Market Street,Low,Low
40,21,Sunday,Cloudy,College Road,High,Low
67,21,Wednesday,Sunny,College Road,Low,Low
75,6,Friday,Cloudy,Highway Junction,Medium,Medium
238,8,Friday,Sunny,Highway Junction,Low,High
116,12,Friday,Sunny,College Road,Low,Low
28,4,Tuesday,Stormy,Ring Road,Medium,Low
267,19,Tuesday,Cloudy,Main Road,Low,High
61,11,Saturday,Sunny,Highway Junction,Medium,Low
75,13,Sunday,Sunny,Main Road,Low,Low
43,15,Sunday,Sunny,College Road,Medium,Low
128,12,Wednesday,Cloudy,Main Road,Medium,Low
200,17,Saturday,Rainy,College Road,Medium,High
78,1,Saturday,Sunny,Ring Road,Low,Low
259,9,Friday,Rainy,College Road,Low,High
145,7,Saturday,Sunny,Market Street,Medium,Low
230,7,Wednesday,Rainy,Highway Junction,Low,High
67,22,Wednesday,Cloudy,College Road,Low,Low
154,9,Sunday,Rainy,College Road,High,High
64,23,Thursday,Cloudy,Highway Junction,Medium,Low
55,1,Saturday,Sunny,Highway Junction,Low,Low
71,0,Saturday,Sunny,Highway Junction,Low,Low
231,17,Thursday,Cloudy,Market Street,High,High
138,17,Saturday,Cloudy,Ring Road,Low,Medium
125,11,Friday,Sunny,Market Street,Low,Low
67,15,Monday,Cloudy,Market Street,Medium,Low
64,10,Sunday,Sunny,Highway Junction,Medium,Low
342,19,Tuesday,Sunny,College Road,Medium,High
140,2,Thursday,Sunny,College Road,High,Low
71,22,Saturday,Sunny,College Road,High,Low
346,9,Tuesday,Rainy,Highway Junction,Low,High
163,16,Friday,Cloudy,Market Street,Medium,Medium
189,19,Saturday,Sunny,Highway Junction,Low,Medium
219,12,Thursday,Rainy,Main Road,High,Medium
215,13,Thursday,Rainy,Ring Road,Medium,Medium
95,3,Friday,Cloudy,Highway Junction,High,Medium
209,4,Thursday,Sunny,Highway Junction,Medium,Medium
134,15,Monday,Sunny,Highway Junction,Low,Low
75,16,Saturday,Sunny,Main Road,High,Low
92,0,Saturday,Cloudy,Market Street,Medium,Low
118,3,Sunday,Sunny,Ring Road,High,Low
82,6,Saturday,Sunny,Ring Road,Low,Low
296,19,Friday,Cloudy,Ring Road,Low,High
106,0,Tuesday,Sunny,College Road,High,Low
180,21,Wednesday,Sunny,Highway Junction,High,Medium
74,10,Sunday,Sunny,Main Road,Low,Low
100,22,Saturday,Cloudy,College Road,High,Medium
103,5,Sunday,Sunny,College Road,High,Low
157,4,Monday,Sunny,Market Street,Low,Medium
97,14,Sunday,Cloudy,Main Road,Medium,Low
132,0,Wednesday,Sunny,College Road,Low,Low
374,20,Wednesday,Sunny,Highway Junction,Low,High
153,20,Sunday,Rainy,Highway Junction,High,High
96,23,Tuesday,Cloudy,Market Street,Low,Low
160,12,Monday,Rainy,College Road,Medium,Medium
28,6,Thursday,Sunny,Main Road,Medium,Low
324,7,Wednesday,Cloudy,Ring Road,Low,High
137,5,Monday,Stormy,Ring Road,Medium,Medium
159,16,Monday,Cloudy,Highway Junction,Medium,Medium
144,10,Monday,Cloudy,Ring Road,High,Medium
208,9,Tuesday,Stormy,Ring Road,Low,High
140,8,Saturday,Sunny,Ring Road,Medium,High
207,19,Tuesday,Cloudy,College Road,Low,High
176,16,Monday,Sunny,Ring Road,High,Medium
80,2,Monday,Rainy,Main Road,Medium,Low
181,6,Thursday,Sunny,Highway Junction,High,High
33,14,Friday,Rainy,College Road,Low,Low
95,16,Saturday,Cloudy,Main Road,Medium,Medium
87,14,Sunday,Sunny,Market Street,Medium,Low
206,18,Saturday,Sunny,College Road,Medium,High
10,23,Saturday,Cloudy,College Road,Medium,Low
160,23,Friday,Rainy,Market Street,High,Medium
265,8,Thursday,Sunny,Market Street,Low,High
208,23,Tuesday,Sunny,Highway Junction,Low,Medium
118,12,Tuesday,Rainy,Highway Junction,Medium,Medium
124,4,Saturday,Sunny,Main Road,High,Low
87,14,Sunday,Rainy,Ring Road,Low,Low
201,19,Saturday,Cloudy,Market Street,Medium,High
74,10,Wednesday,Cloudy,College Road,Low,Low
121,6,Friday,Cloudy,College Road,High,Medium
139,14,Monday,Stormy,College Road,Medium,Medium
194,8,Tuesday,Cloudy,Highway Junction,High,High
207,12,Friday,Cloudy,Ring Road,Medium,Medium
118,5,Friday,Rainy,Highway Junction,Low,Low
256,7,Wednesday,Sunny,Ring Road,Medium,High
129,4,Thursday,Sunny,Market Street,Medium,Medium
149,23,Wednesday,Rainy,Market Street,Low,Low
67,4,Tuesday,Sunny,Market Street,Low,Low
83,10,Monday,Cloudy,Main Road,Low,Low
112,1,Saturday,Cloudy,Market Street,Medium,Low
76,15,Wednesday,Stormy,Highway Junction,High,Low
125,15,Wednesday,Cloudy,Main Road,Low,Medium
177,11,Wednesday,Sunny,Ring Road,Medium,Medium
174,20,Saturday,Sunny,Highway Junction,Low,Medium
314,9,Friday,Cloudy,Ring Road,Low,High
127,17,Saturday,Sunny,Main Road,Low,Low
178,7,Sunday,Rainy,College Road,Medium,Medium
71,22,Friday,Sunny,Main Road,High,Low
10,15,Sunday,Sunny,Market Street,Low,Low
121,16,Tuesday,Sunny,Main Road,Medium,Low
148,21,Monday,Cloudy,Main Road,Low,Low
143,2,Friday,Rainy,College Road,Low,Low
163,12,Monday,Rainy,College Road,High,High
72,1,Thursday,Sunny,Highway Junction,Low,Low
108,15,Monday,Sunny,College Road,Medium,Low
114,5,Saturday,Sunny,Highway Junction,Low,Medium
214,20,Tuesday,Sunny,Main Road,Medium,High
95,23,Wednesday,Rainy,Highway Junction,Medium,Medium
173,17,Monday,Cloudy,College Road,Medium,Medium
146,8,Monday,Cloudy,College Road,High,Medium
50,4,Saturday,Cloudy,Main Road,Low,Low
54,2,Sunday,Sunny,Ring Road,Low,Low
70,16,Sunday,Sunny,Highway Junction,Low,Low
55,4,Sunday,Sunny,Highway Junction,Medium,Low
121,10,Tuesday,Stormy,College Road,Medium,Medium
47,5,Saturday,Sunny,Ring Road,Low,Low
67,12,Wednesday,Sunny,Ring Road,Medium,Low
147,15,Tuesday,Sunny,Highway Junction,Low,Low
179,21,Wednesday,Sunny,Highway Junction,Medium,Medium
273,19,Tuesday,Sunny,Market Street,Low,High
119,8,Saturday,Sunny,Market Street,Low,Low
147,11,Thursday,Sunny,Highway Junction,Low,Low
23,0,Sunday,Rainy,Ring Road,Low,Low
129,4,Tuesday,Rainy,Ring Road,High,Medium
179,11,Friday,Sunny,Ring Road,High,Medium
72,0,Tuesday,Sunny,Ring Road,Low,Low
263,17,Tuesday,Sunny,Ring Road,Low,High
241,8,Wednesday,Sunny,College Road,High,High
83,3,Saturday,Sunny,College Road,Medium,Low
121,5,Monday,Sunny,Ring Road,Low,Low
92,21,Friday,Sunny,College Road,Low,Low
73,12,Monday,Sunny,Highway Junction,Medium,Low
157,23,Tuesday,Sunny,College Road,Low,Low
71,2,Friday,Cloudy,Market Street,Medium,Low
158,1,Friday,Sunny,Market Street,High,Medium
90,12,Saturday,Cloudy,Ring Road,High,Low
127,11,Tuesday,Cloudy,Ring Road,Medium,Medium
113,20,Sunday,Cloudy,Main Road,Low,Low
90,23,Friday,Cloudy,Ring Road,High,Low
163,2,Thursday,Sunny,Main Road,Medium,Medium
41,5,Wednesday,Cloudy,College Road,Medium,Low
124,14,Tuesday,Cloudy,Market Street,Medium,Low
118,3,Monday,Sunny,Highway Junction,Low,Low
80,14,Saturday,Sunny,Ring Road,Low,Low
184,17,Sunday,Rainy,Ring Road,Medium,Medium
212,0,Wednesday,Rainy,Main Road,Low,Medium
153,13,Wednesday,Sunny,Highway Junction,Medium,Low
52,21,Tuesday,Rainy,Ring Road,Medium,Low
122,6,Thursday,Sunny,Market Street,High,Low
385,7,Friday,Sunny,Ring Road,Low,High
159,3,Thursday,Sunny,Market Street,High,Medium
326,17,Wednesday,Cloudy,Market Street,Low,High
26,3,Saturday,Cloudy,Main Road,High,Low
69,12,Saturday,Rainy,Highway Junction,Low,Low
144,2,Thursday,Sunny,Highway Junction,Low,Low
168,22,Wednesday,Cloudy,Main Road,Medium,Medium
124,20,Saturday,Stormy,Market Street,Medium,Medium
50,23,Friday,Rainy,Ring Road,Medium,Medium
285,8,Thursday,Cloudy,College Road,Low,High
295,7,Friday,Cloudy,Main Road,Low,High
211,8,Friday,Cloudy,Highway Junction,High,High
91,0,Thursday,Rainy,Highway Junction,Medium,Low
74,22,Wednesday,Sunny,College Road,High,Low
164,17,Saturday,Sunny,Market Street,Low,Medium
179,2,Monday,Cloudy,Ring Road,Low,Medium
76,21,Saturday,Sunny,Market Street,High,Low
156,15,Monday,Sunny,Ring Road,Medium,Low
167,14,Wednesday,Stormy,Highway Junction,High,High
197,16,Friday,Sunny,Market Street,Low,Medium
10,14,Saturday,Rainy,College Road,Low,Low
99,4,Saturday,Rainy,Main Road,Medium,Medium
277,7,Friday,Sunny,College Road,Low,Medium
10,5,Wednesday,Sunny,Ring Road,Low,Low
142,0,Wednesday,Cloudy,Main Road,High,Medium
54,15,Wednesday,Sunny,Highway Junction,Low,Low
97,13,Thursday,Stormy,Market Street,Medium,Medium
266,8,Tuesday,Sunny,Main Road,Low,High
171,11,Wednesday,Cloudy,Main Road,Low,Medium
53,16,Sunday,Sunny,Market Street,Medium,Low
102,16,Thursday,Sunny,Ring Road,Low,Low
90,2,Monday,Cloudy,Ring Road,High,Low
64,12,Saturday,Sunny,College Road,Medium,Low
212,21,Thursday,Rainy,Ring Road,Medium,High
188,19,Sunday,Rainy,Highway Junction,Low,Medium
427,19,Monday,Stormy,Ring Road,Medium,High
145,20,Saturday,Cloudy,Ring Road,Medium,Medium
77,1,Thursday,Cloudy,College Road,Low,Low
34,6,Thursday,Sunny,Main Road,High,Low
69,14,Saturday,Sunny,Main Road,Medium,Low
23,16,Saturday,Rainy,Main Road,High,Low
113,3,Sunday,Sunny,Market Street,Medium,Low
121,10,Monday,Cloudy,Main Road,High,Low
86,23,Wednesday,Sunny,College Road,Low,Low
102,7,Sunday,Cloudy,Ring Road,Low,Medium
63,21,Thursday,Sunny,College Road,High,Medium
134,4,Wednesday,Sunny,College Road,Low,Low
155,13,Wednesday,Sunny,Market Street,Low,Medium
248,19,Friday,Cloudy,College Road,Medium,High
19,15,Saturday,Rainy,Market Street,Low,Low
104,12,Sunday,Cloudy,Highway Junction,High,Low
81,12,Wednesday,Rainy,Highway Junction,High,Low
162,6,Wednesday,Sunny,Main Road,High,Medium
42,13,Saturday,Sunny,Main Road,Medium,Low
131,19,Sunday,Sunny,Highway Junction,High,Medium
123,16,Tuesday,Sunny,Highway Junction,Low,Low
123,22,Friday,Sunny,Highway Junction,Low,Low
58,1,Wednesday,Sunny,Main Road,Medium,Low
295,17,Monday,Cloudy,Market Street,Low,High
193,14,Wednesday,Rainy,Ring Road,High,High
148,17,Sunday,Sunny,Main Road,Medium,Low
91,23,Monday,Cloudy,Ring Road,Low,Low
197,17,Thursday,Cloudy,Main Road,High,High
87,5,Friday,Cloudy,Highway Junction,Medium,Low
252,8,Monday,Rainy,Highway Junction,High,High
106,23,Saturday,Sunny,Highway Junction,Medium,Low
88,1,Monday,Sunny,Main Road,Medium,Low
39,14,Friday,Rainy,Ring Road,Medium,Low
91,9,Sunday,Sunny,Highway Junction,Low,Low
162,15,Friday,Cloudy,Ring Road,High,Medium
141,22,Wednesday,Sunny,Market Street,Medium,Low
260,19,Friday,Sunny,Market Street,Medium,High
62,22,Thursday,Rainy,Ring Road,High,Medium
271,17,Friday,Sunny,Ring Road,Medium,High
54,16,Monday,Rainy,College Road,Medium,Low
88,14,Wednesday,Cloudy,Highway Junction,Medium,Medium
175,6,Monday,Cloudy,College Road,Medium,Medium
298,8,Monday,Sunny,College Road,Low,High
272,9,Thursday,Rainy,Main Road,Low,High
202,22,Wednesday,Sunny,Highway Junction,Low,Medium
47,5,Wednesday,Sunny,Highway Junction,Medium,Low
148,9,Saturday,Rainy,Ring Road,Low,Medium
193,16,Thursday,Rainy,Main Road,High,Medium
125,12,Monday,Stormy,College Road,Low,Medium
63,10,Sunday,Cloudy,Market Street,Low,Low
157,22,Wednesday,Rainy,Highway Junction,Low,Medium
141,23,Wednesday,Sunny,Ring Road,Low,Low
147,12,Thursday,Sunny,Highway Junction,Low,Low
181,7,Tuesday,Sunny,Main Road,Low,Medium
86,15,Saturday,Sunny,Ring Road,High,Low
87,12,Tuesday,Sunny,Ring Road,Low,Low
446,8,Tuesday,Sunny,Ring Road,High,High
83,22,Monday,Sunny,Main Road,Medium,Low
172,6,Thursday,Rainy,Market Street,High,Medium
71,3,Saturday,Cloudy,Highway Junction,Low,Low
71,14,Sunday,Sunny,Market Street,Medium,Low
226,18,Tuesday,Rainy,Main Road,High,High
275,20,Wednesday,Sunny,College Road,High,High
215,20,Tuesday,Cloudy,Highway Junction,High,Medium
147,5,Monday,Sunny,Market Street,Low,Low
259,7,Tuesday,Sunny,Highway Junction,High,High
186,3,Thursday,Cloudy,Highway Junction,Low,Low
90,6,Wednesday,Sunny,Highway Junction,Medium,Low
305,19,Friday,Cloudy,Ring Road,Low,High
88,13,Monday,Cloudy,Ring Road,Medium,Medium
146,10,Tuesday,Sunny,College Road,Medium,Medium
145,23,Tuesday,Sunny,Market Street,Low,Low
12,21,Sunday,Cloudy,Market Street,High,Low
102,5,Friday,Sunny,Main Road,Medium,Low
145,7,Sunday,Sunny,Main Road,Low,Low
51,14,Saturday,Rainy,Main Road,Low,Low
160,21,Monday,Sunny,Market Street,High,Medium
18,22,Sunday,Sunny,Main Road,High,Low
214,18,Tuesday,Sunny,Highway Junction,Medium,High
87,1,Tuesday,Cloudy,Market Street,High,Medium
92,23,Monday,Cloudy,College Road,Medium,Low
65,16,Tuesday,Sunny,Main Road,High,Low
208,11,Monday,Rainy,College Road,Medium,High
131,3,Saturday,Sunny,Ring Road,High,Low
85,20,Saturday,Sunny,Highway Junction,High,Medium
293,8,Monday,Sunny,Main Road,Medium,High
172,16,Thursday,Rainy,Main Road,Low,Medium
135,21,Monday,Sunny,Highway Junction,Medium,Low
36,11,Thursday,Sunny,Ring Road,Low,Low
110,5,Wednesday,Cloudy,Main Road,Medium,Medium
36,15,Saturday,Sunny,Ring Road,High,Low
126,23,Friday,Rainy,Highway Junction,High,Medium
108,11,Monday,Stormy,Main Road,Low,Medium
136,16,Thursday,Sunny,Market Street,High,Medium
145,4,Wednesday,Sunny,Main Road,Medium,Low
149,3,Tuesday,Cloudy,Ring Road,Low,Medium
76,1,Sunday,Sunny,College Road,High,Low
99,10,Friday,Rainy,Main Road,High,Low
194,7,Sunday,Cloudy,Highway Junction,High,High
21,21,Saturday,Sunny,Ring Road,Medium,Low
127,1,Friday,Sunny,Highway Junction,Medium,Medium
150,14,Thursday,Sunny,Ring Road,High,Medium
135,21,Thursday,Sunny,Main Road,Medium,Medium
31,1,Wednesday,Sunny,Ring Road,High,Low
298,19,Thursday,Cloudy,Ring Road,Medium,High
200,20,Monday,Cloudy,College Road,Medium,High
125,8,Saturday,Sunny,Main Road,Low,Low
303,7,Wednesday,Rainy,Market Street,Medium,High
131,8,Saturday,Stormy,Main Road,Medium,Medium
129,12,Monday,Rainy,Highway Junction,Medium,Medium
112,23,Friday,Stormy,Highway Junction,Medium,Medium
79,4,Saturday,Rainy,Ring Road,Medium,Low
117,8,Sunday,Rainy,Ring Road,High,Medium
122,3,Monday,Cloudy,Ring Road,Medium,Low
280,9,Tuesday,Cloudy,Ring Road,Low,High
135,3,Monday,Cloudy,College Road,Medium,Medium
133,18,Monday,Cloudy,Market Street,Low,Medium
273,19,Wednesday,Sunny,College Road,Medium,High
193,9,Saturday,Cloudy,Ring Road,Medium,Medium
264,20,Tuesday,Sunny,Market Street,Low,High
313,8,Friday,Cloudy,College Road,Low,High
190,5,Friday,Cloudy,Market Street,High,Medium
48,11,Sunday,Rainy,College Road,Medium,Low
119,1,Sunday,Cloudy,Market Street,Low,Low
171,13,Tuesday,Sunny,Market Street,Medium,Medium
75,4,Friday,Cloudy,Main Road,Low,Low
93,13,Sunday,Cloudy,Ring Road,Medium,Low
82,6,Sunday,Cloudy,Highway Junction,Low,Low
143,4,Thursday,Sunny,Main Road,Low,Medium
109,2,Wednesday,Sunny,College Road,Low,Low
275,18,Tuesday,Stormy,Ring Road,High,High
122,12,Monday,Rainy,College Road,High,Medium
145,8,Saturday,Cloudy,College Road,High,Medium
172,16,Tuesday,Sunny,Highway Junction,Low,Medium
113,13,Sunday,Cloudy,College Road,Low,Low
144,10,Friday,Sunny,Highway Junction,High,Medium
97,11,Monday,Sunny,Main Road,Medium,Low
176,12,Tuesday,Cloudy,Ring Road,Low,Medium
105,1,Thursday,Rainy,College Road,Low,Medium
120,3,Saturday,Sunny,Ring Road,Low,Low
78,11,Wednesday,Rainy,Highway Junction,Low,Low
102,1,Friday,Rainy,Highway Junction,Low,Low
86,8,Sunday,Cloudy,Highway Junction,Medium,Medium
108,22,Thursday,Sunny,College Road,Low,Low
231,7,Thursday,Sunny,Ring Road,Medium,High
226,17,Thursday,Cloudy,Ring Road,Medium,High
104,22,Wednesday,Sunny,Market Street,High,Medium
113,6,Wednesday,Sunny,Highway Junction,High,Medium
152,13,Friday,Sunny,Ring Road,High,Medium
105,10,Wednesday,Sunny,Highway Junction,Medium,Low
20,3,Tuesday,Cloudy,College Road,Medium,Low
175,17,Saturday,Cloudy,Highway Junction,Low,Medium
123,16,Wednesday,Cloudy,Ring Road,Medium,Medium
83,13,Thursday,Cloudy,Main Road,Medium,Low
184,7,Sunday,Rainy,Market Street,Medium,Medium
297,7,Wednesday,Rainy,Highway Junction,Medium,High
131,14,Wednesday,Cloudy,Market Street,Medium,Low
63,10,Sunday,Rainy,Market Street,High,Low
87,17,Saturday,Sunny,Ring Road,High,Medium
95,12,Tuesday,Stormy,Ring Road,Low,Medium
339,20,Wednesday,Sunny,Highway Junction,Low,High
158,11,Wednesday,Sunny,Market Street,Medium,Medium
137,13,Thursday,Cloudy,Highway Junction,High,Medium
189,23,Thursday,Rainy,Main Road,Low,Medium
284,17,Monday,Cloudy,Main Road,High,High
59,3,Saturday,Sunny,College Road,Low,Low
74,5,Thursday,Cloudy,College Road,Medium,Low
347,20,Monday,Rainy,Market Street,High,High
186,3,Tuesday,Cloudy,College Road,High,Medium
141,21,Sunday,Sunny,Market Street,Medium,Low
128,6,Friday,Rainy,College Road,Medium,Low
147,13,Thursday,Rainy,Market Street,High,Medium
75,22,Saturday,Sunny,Market Street,Low,Low
266,17,Tuesday,Cloudy,Market Street,Low,High
184,11,Monday,Rainy,Highway Junction,Medium,Medium
208,20,Wednesday,Rainy,College Road,High,Medium
92,0,Saturday,Rainy,Market Street,Low,Medium
249,20,Thursday,Sunny,Ring Road,Medium,High
182,18,Thursday,Rainy,Main Road,Low,High
298,18,Tuesday,Rainy,College Road,High,High
21,3,Monday,Sunny,Highway Junction,Low,Low
76,16,Saturday,Sunny,Ring Road,High,Low
76,13,Tuesday,Rainy,Highway Junction,Low,Low
31,14,Monday,Sunny,Main Road,Medium,Low
175,14,Wednesday,Cloudy,Ring Road,Low,Medium
192,15,Thursday,Sunny,Main Road,Low,Medium
353,17,Friday,Sunny,Ring Road,Low,High
126,17,Saturday,Rainy,Market Street,Low,Medium
87,16,Monday,Sunny,Ring Road,Medium,Low
182,22,Tuesday,Rainy,Ring Road,Medium,Medium
118,0,Monday,Sunny,Market Street,Medium,Low
238,21,Wednesday,Cloudy,Market Street,Low,Medium
61,12,Wednesday,Rainy,Market Street,High,Low
59,16,Saturday,Stormy,Main Road,High,Medium
107,20,Saturday,Sunny,Market Street,High,Low
211,18,Monday,Cloudy,Highway Junction,High,High
35,15,Saturday,Sunny,College Road,Low,Low
89,12,Sunday,Sunny,Market Street,Medium,Low
93,17,Saturday,Sunny,Highway Junction,High,Medium
151,6,Tuesday,Cloudy,Ring Road,Medium,Medium
81,1,Friday,Cloudy,Market Street,High,Low
158,16,Monday,Sunny,Main Road,Low,Medium
133,19,Saturday,Sunny,Main Road,Low,Medium
87,4,Sunday,Cloudy,Ring Road,Low,Low
183,14,Thursday,Sunny,Market Street,High,High
75,4,Friday,Sunny,Ring Road,Low,Low
87,13,Saturday,Sunny,Market Street,Low,Low
132,16,Monday,Cloudy,Ring Road,Low,Low
104,15,Wednesday,Sunny,Highway Junction,Low,Low
106,2,Monday,Sunny,Main Road,Low,Low
113,3,Monday,Sunny,Market Street,Medium,Low
314,17,Tuesday,Sunny,Market Street,Low,High
137,13,Monday,Stormy,College Road,Low,Low
359,9,Tuesday,Sunny,Highway Junction,High,High
76,11,Friday,Sunny,Highway Junction,Low,Low
149,18,Saturday,Cloudy,Main Road,Medium,Medium
232,20,Wednesday,Sunny,College Road,Medium,High
64,2,Sunday,Sunny,College Road,Medium,Low
258,8,Tuesday,Sunny,Highway Junction,High,High
87,6,Monday,Rainy,Ring Road,Low,Low
180,0,Monday,Sunny,Market Street,High,Medium
202,2,Friday,Cloudy,Ring Road,Low,Medium
119,22,Friday,Cloudy,College Road,Medium,Low
271,19,Thursday,Rainy,College Road,Medium,High
57,1,Sunday,Sunny,College Road,Low,Low
60,2,Sunday,Cloudy,Market Street,High,Low
174,17,Friday,Sunny,Main Road,Low,Medium
77,12,Tuesday,Rainy,Highway Junction,Medium,Low
140,16,Thursday,Cloudy,College Road,Medium,Medium
187,19,Tuesday,Sunny,College Road,High,High
48,16,Friday,Cloudy,College Road,High,Medium
102,20,Saturday,Cloudy,Highway Junction,Medium,Low
249,19,Friday,Cloudy,College Road,Medium,High
165,18,Saturday,Sunny,College Road,Low,Medium
99,14,Thursday,Cloudy,Ring Road,High,Low
26,22,Sunday,Sunny,Ring Road,High,Low
64,2,Saturday,Sunny,Highway Junction,High,Low
19,12,Sunday,Cloudy,Ring Road,Medium,Low
91,23,Wednesday,Cloudy,Main Road,Low,Low
192,21,Wednesday,Sunny,Highway Junction,Medium,Medium
21,3,Tuesday,Sunny,Ring Road,Medium,Low
301,18,Friday,Sunny,Ring Road,High,High
283,19,Friday,Cloudy,Main Road,Medium,High
135,20,Sunday,Sunny,Market Street,Low,Low
200,11,Monday,Sunny,College Road,High,Medium
124,6,Wednesday,Sunny,Market Street,Low,Low
80,13,Saturday,Cloudy,Ring Road,Low,Low
274,17,Wednesday,Cloudy,Highway Junction,Low,High
225,20,Friday,Rainy,Main Road,High,High
98,16,Tuesday,Cloudy,College Road,Low,Medium
280,8,Wednesday,Sunny,Market Street,Low,High
110,4,Tuesday,Rainy,Market Street,Low,Medium
145,17,Sunday,Cloudy,Main Road,Low,Medium
139,15,Thursday,Cloudy,Ring Road,Low,Low
75,11,Saturday,Cloudy,Highway Junction,Medium,Low
146,7,Saturday,Sunny,Market Street,High,Medium
167,3,Tuesday,Cloudy,Ring Road,High,Medium
116,15,Sunday,Sunny,Highway Junction,Medium,Low
148,11,Thursday,Cloudy,Highway Junction,Medium,Medium
134,5,Tuesday,Cloudy,Highway Junction,High,Medium
162,16,Monday,Sunny,Ring Road,Low,Low
304,7,Tuesday,Sunny,Ring Road,High,High
195,5,Friday,Sunny,Main Road,Low,Medium
117,15,Friday,Sunny,Ring Road,High,Medium
377,20,Wednesday,Sunny,Main Road,High,High
116,1,Saturday,Sunny,Highway Junction,High,Low
100,2,Thursday,Sunny,Ring Road,Medium,Low
87,1,Sunday,Cloudy,College Road,High,Low
62,2,Thursday,Sunny,Highway Junction,Medium,Low
120,9,Sunday,Sunny,Market Street,Medium,Low
265,17,Friday,Sunny,Highway Junction,Low,High
288,18,Thursday,Cloudy,Market Street,High,High
128,12,Thursday,Sunny,College Road,Low,Low
89,21,Tuesday,Rainy,Ring Road,Medium,Medium
85,10,Friday,Sunny,Main Road,Medium,Low
168,9,Sunday,Sunny,Highway Junction,Medium,Medium
51,12,Saturday,Cloudy,Highway Junction,Medium,Low
140,0,Thursday,Cloudy,Highway Junction,Medium,Medium
114,6,Wednesday,Cloudy,Main Road,High,Low
99,3,Tuesday,Rainy,Highway Junction,Low,Low
42,1,Sunday,Sunny,Main Road,Low,Low
103,5,Thursday,Cloudy,College Road,High,Low
87,6,Saturday,Rainy,Ring Road,High,Medium
78,6,Sunday,Cloudy,Ring Road,Low,Low
94,5,Monday,Sunny,Main Road,High,Medium
104,7,Sunday,Sunny,College Road,High,Medium
71,10,Saturday,Rainy,Main Road,High,Low
200,19,Saturday,Cloudy,Main Road,Low,Medium
136,0,Thursday,Rainy,Main Road,Low,Low
210,12,Thursday,Cloudy,Market Street,High,Medium
153,20,Wednesday,Sunny,Market Street,Low,Medium
145,12,Thursday,Sunny,Highway Junction,Medium,Medium
326,9,Wednesday,Cloudy,College Road,Medium,High
329,19,Thursday,Cloudy,College Road,Low,High
50,4,Wednesday,Rainy,Ring Road,Low,Low
79,5,Saturday,Sunny,Main Road,Low,Low
42,16,Sunday,Sunny,Ring Road,Medium,Low
40,12,Sunday,Sunny,College Road,High,Low
52,21,Saturday,Sunny,Market Street,Low,Low
99,13,Friday,Cloudy,College Road,Low,Low
265,19,Tuesday,Cloudy,Ring Road,Low,High
158,3,Monday,Rainy,College Road,Medium,Medium
276,17,Monday,Sunny,Main Road,Medium,High
108,8,Saturday,Rainy,College Road,High,Medium
136,19,Sunday,Cloudy,College Road,Medium,Medium
56,4,Sunday,Cloudy,Ring Road,Low,Low
97,21,Saturday,Sunny,Highway Junction,Low,Low
290,7,Wednesday,Rainy,Ring Road,High,High
144,0,Wednesday,Sunny,Ring Road,High,Low
120,10,Sunday,Rainy,Ring Road,Low,Low
216,20,Sunday,Stormy,Market Street,Medium,High
162,0,Tuesday,Sunny,Main Road,High,Medium
120,22,Saturday,Sunny,Ring Road,Medium,Low
52,2,Saturday,Cloudy,Market Street,Low,Low
10,2,Tuesday,Cloudy,Ring Road,Medium,Low
203,0,Thursday,Sunny,Market Street,Medium,Medium
210,16,Wednesday,Sunny,Highway Junction,Medium,Medium
187,17,Saturday,Sunny,Market Street,Low,Medium
123,23,Thursday,Cloudy,Main Road,Medium,Low
48,22,Monday,Sunny,Ring Road,High,Low
289,8,Friday,Cloudy,Market Street,Low,High
113,4,Wednesday,Sunny,Ring Road,High,Low
294,17,Tuesday,Stormy,Ring Road,Low,High
302,18,Monday,Sunny,Main Road,High,High
160,12,Tuesday,Sunny,Market Street,Medium,Medium
246,18,Monday,Sunny,Ring Road,High,High
140,21,Tuesday,Sunny,Ring Road,Low,Medium
115,4,Monday,Cloudy,Highway Junction,Medium,Low
97,16,Friday,Rainy,Main Road,Low,Low
77,14,Sunday,Cloudy,Market Street,Low,Low
185,17,Sunday,Rainy,Ring Road,Low,High
95,13,Thursday,Sunny,College Road,Low,Low
64,23,Sunday,Sunny,Main Road,Medium,Low
155,22,Sunday,Cloudy,Highway Junction,High,Medium
129,16,Friday,Rainy,Main Road,Medium,High
67,4,Sunday,Cloudy,Ring Road,Low,Low
153,10,Friday,Sunny,Main Road,Low,Medium
88,2,Sunday,Cloudy,Main Road,Medium,Medium
30,14,Saturday,Sunny,Ring Road,Low,Low
131,16,Thursday,Sunny,Main Road,Low,Low
358,20,Thursday,Sunny,College Road,Low,High
112,16,Friday,Rainy,Highway Junction,Low,Low
84,2,Sunday,Rainy,College Road,Medium,Medium
24,21,Saturday,Cloudy,Highway Junction,High,Low
114,22,Wednesday,Cloudy,College Road,Low,Low
128,16,Tuesday,Sunny,Ring Road,Low,Low
145,5,Wednesday,Sunny,Main Road,High,Medium
181,1,Wednesday,Stormy,Highway Junction,Medium,High
75,21,Saturday,Sunny,Main Road,Medium,Low
115,9,Tuesday,Sunny,Ring Road,Medium,Medium
174,23,Thursday,Sunny,Market Street,Medium,Low
133,11,Sunday,Sunny,Highway Junction,Low,Low
268,7,Tuesday,Rainy,College Road,Medium,High
60,4,Tuesday,Rainy,Ring Road,Medium,Low
300,18,Thursday,Sunny,Ring Road,Medium,High
62,23,Monday,Cloudy,Market Street,Low,Low
82,0,Wednesday,Cloudy,Market Street,Low,Low
246,8,Friday,Sunny,Ring Road,Medium,High
186,1,Tuesday,Cloudy,Highway Junction,Low,Medium
119,10,Tuesday,Sunny,Highway Junction,Low,Low
46,23,Tuesday,Rainy,Main Road,Low,Low
130,15,Monday,Rainy,Ring Road,Low,Medium
10,6,Sunday,Cloudy,Main Road,Medium,Low
158,0,Monday,Rainy,Highway Junction,High,Medium
178,16,Wednesday,Cloudy,Highway Junction,Low,Low
218,4,Monday,Cloudy,Ring Road,Medium,Medium
367,17,Wednesday,Cloudy,Highway Junction,Low,High
76,4,Sunday,Sunny,Market Street,High,Low
280,17,Monday,Sunny,Main Road,Medium,High
171,5,Wednesday,Rainy,College Road,Medium,Medium
56,17,Sunday,Sunny,College Road,Medium,Low
114,5,Tuesday,Sunny,Highway Junction,Medium,Low
152,0,Monday,Rainy,College Road,Medium,Medium
10,5,Sunday,Sunny,College Road,High,Low
174,14,Monday,Cloudy,Market Street,High,Medium
145,5,Sunday,Cloudy,Main Road,Low,Medium
233,17,Monday,Cloudy,Highway Junction,Medium,High
72,14,Sunday,Rainy,Ring Road,Low,Low
90,22,Saturday,Cloudy,Ring Road,Low,Low
145,1,Thursday,Sunny,Highway Junction,High,Medium
168,14,Thursday,Rainy,Market Street,Low,Medium
137,21,Tuesday,Rainy,Market Street,High,Medium
157,4,Wednesday,Sunny,College Road,Low,Medium
122,14,Friday,Cloudy,Market Street,Medium,Medium
54,22,Sunday,Sunny,Main Road,Low,Low
36,12,Saturday,Sunny,College Road,Medium,Low
54,12,Thursday,Sunny,College Road,Medium,Low
162,4,Tuesday,Rainy,College Road,Medium,Medium
323,8,Thursday,Cloudy,College Road,High,High
230,8,Friday,Rainy,Market Street,Medium,High
106,0,Friday,Rainy,Highway Junction,Medium,Medium
31,14,Monday,Sunny,Main Road,Medium,Low
112,8,Sunday,Sunny,College Road,Medium,Low
184,15,Friday,Rainy,Highway Junction,High,High
62,23,Wednesday,Cloudy,College Road,High,Medium
354,17,Tuesday,Sunny,Main Road,Low,High
172,0,Thursday,Sunny,Market Street,Medium,Medium
105,16,Wednesday,Cloudy,Highway Junction,High,Medium
120,7,Saturday,Cloudy,Highway Junction,High,Medium
319,20,Thursday,Sunny,Main Road,Medium,High
86,3,Wednesday,Sunny,Main Road,Medium,Low
288,7,Wednesday,Sunny,College Road,Low,High
116,20,Sunday,Cloudy,Ring Road,High,Medium
92,16,Saturday,Sunny,College Road,Low,Low
75,11,Tuesday,Sunny,College Road,Medium,Low
149,12,Wednesday,Cloudy,Highway Junction,Medium,Medium
115,10,Friday,Sunny,Highway Junction,Low,Low
335,20,Monday,Cloudy,Main Road,Low,High
54,23,Saturday,Rainy,College Road,Low,Low
32,6,Sunday,Rainy,Main Road,High,Low
71,14,Saturday,Sunny,Market Street,Low,Low
43,1,Monday,Sunny,College Road,High,Low
297,9,Monday,Sunny,Market Street,High,High
81,13,Wednesday,Sunny,Ring Road,Medium,Low
294,8,Thursday,Sunny,Highway Junction,High,High
233,17,Wednesday,Sunny,Ring Road,Low,Medium
86,1,Sunday,Stormy,Ring Road,Medium,Low
152,4,Wednesday,Cloudy,College Road,High,Low
194,7,Saturday,Sunny,Highway Junction,Low,Medium
136,13,Thursday,Rainy,Ring Road,Low,Low
80,4,Friday,Cloudy,Highway Junction,Low,Low
93,6,Wednesday,Cloudy,Market Street,Low,Low
245,17,Tuesday,Sunny,College Road,Medium,High
124,14,Saturday,Cloudy,Highway Junction,Low,Low
39,13,Sunday,Sunny,Ring Road,Low,Low
82,21,Friday,Stormy,Main Road,Low,Medium
126,6,Wednesday,Sunny,Ring Road,Medium,Low
110,23,Friday,Sunny,Market Street,Low,Low
157,20,Saturday,Sunny,Ring Road,Low,Low
67,3,Wednesday,Sunny,Highway Junction,Medium,Low
83,15,Sunday,Sunny,Highway Junction,High,Low
43,22,Thursday,Rainy,Market Street,Low,Low
151,2,Wednesday,Cloudy,Market Street,Low,Low
157,18,Sunday,Cloudy,Market Street,Medium,Medium
225,17,Friday,Cloudy,Main Road,High,High
162,5,Wednesday,Sunny,Market Street,Low,Medium
188,23,Friday,Stormy,Ring Road,Medium,High
106,10,Friday,Cloudy,Market Street,Medium,Medium
144,11,Tuesday,Cloudy,College Road,Medium,Medium
112,15,Tuesday,Rainy,Ring Road,High,Medium
28,1,Monday,Stormy,Market Street,Low,Low
168,5,Thursday,Cloudy,Market Street,Low,Medium
138,19,Sunday,Sunny,College Road,Low,Medium
125,23,Monday,Rainy,Ring Road,High,Medium
305,8,Thursday,Stormy,Ring Road,High,High
133,18,Sunday,Cloudy,College Road,High,Medium
103,22,Tuesday,Cloudy,Market Street,Low,Low
177,13,Monday,Rainy,Highway Junction,Low,Medium
133,4,Wednesday,Sunny,Ring Road,Medium,Medium
52,5,Thursday,Sunny,Highway Junction,Low,Low
250,7,Friday,Sunny,Highway Junction,Low,Medium
98,6,Monday,Cloudy,Main Road,High,Medium
81,1,Saturday,Sunny,Market Street,High,Low
85,21,Saturday,Sunny,Main Road,Low,Low
307,19,Wednesday,Sunny,Market Street,High,High
121,1,Thursday,Sunny,Highway Junction,Low,Low
69,13,Saturday,Sunny,Highway Junction,High,Low
131,6,Monday,Cloudy,Market Street,High,Low
170,2,Friday,Cloudy,College Road,Low,Low
106,15,Sunday,Sunny,Highway Junction,High,Low
48,6,Wednesday,Cloudy,Ring Road,Low,Low
34,1,Tuesday,Sunny,Ring Road,Low,Low
168,6,Monday,Cloudy,College Road,Medium,Medium
83,10,Sunday,Cloudy,College Road,High,Low
125,9,Saturday,Cloudy,College Road,High,Medium
159,11,Thursday,Sunny,Market Street,High,Medium
126,12,Sunday,Sunny,Main Road,Low,Low
254,7,Wednesday,Cloudy,Main Road,Medium,High
68,1,Sunday,Sunny,Market Street,High,Low
129,14,Wednesday,Sunny,College Road,Low,Low
60,5,Saturday,Sunny,Highway Junction,Low,Low
234,8,Tuesday,Sunny,College Road,Medium,Medium
185,20,Saturday,Rainy,College Road,Medium,Medium
46,12,Sunday,Sunny,Main Road,Low,Low
145,15,Monday,Cloudy,Highway Junction,Low,Medium
120,22,Wednesday,Cloudy,Ring Road,Medium,Medium
110,6,Saturday,Sunny,Ring Road,Low,Low
85,1,Tuesday,Sunny,Main Road,High,Low
193,19,Sunday,Cloudy,Ring Road,Medium,High
148,2,Sunday,Sunny,College Road,Medium,Low
197,19,Saturday,Cloudy,Main Road,Medium,High
183,16,Tuesday,Sunny,College Road,Medium,High
95,10,Sunday,Rainy,College Road,High,Low
96,2,Friday,Sunny,College Road,High,Low
100,16,Monday,Rainy,College Road,Medium,Medium
63,5,Wednesday,Stormy,Market Street,Low,Low
141,5,Friday,Sunny,Highway Junction,High,Medium
120,22,Monday,Cloudy,Highway Junction,Medium,Medium
169,18,Sunday,Cloudy,Market Street,Low,Medium
189,8,Monday,Sunny,Highway Junction,Low,Medium
244,18,Monday,Rainy,Main Road,Medium,High
184,9,Tuesday,Sunny,Market Street,Low,Medium
141,22,Tuesday,Rainy,College Road,Medium,Medium
122,16,Monday,Cloudy,Ring Road,Medium,Medium
28,13,Saturday,Sunny,Ring Road,Medium,Low
118,21,Monday,Cloudy,Highway Junction,Low,Low
116,5,Tuesday,Rainy,Highway Junction,Low,Low
260,7,Wednesday,Sunny,Highway Junction,Medium,High
127,14,Monday,Cloudy,Ring Road,High,Medium
79,12,Thursday,Rainy,Market Street,Low,Low
75,13,Thursday,Rainy,College Road,Medium,Low
307,18,Tuesday,Sunny,Ring Road,Low,High
17,22,Sunday,Rainy,Ring Road,Low,Low
10,16,Saturday,Rainy,Highway Junction,Medium,Low
117,15,Friday,Sunny,Main Road,Medium,Low
88,12,Sunday,Cloudy,Main Road,Low,Low
165,3,Tuesday,Sunny,Market Street,Low,Medium
123,12,Sunday,Sunny,Ring Road,High,Low
239,8,Friday,Sunny,College Road,Low,Medium
218,7,Monday,Stormy,Market Street,Medium,High
289,17,Thursday,Cloudy,Ring Road,Low,High
84,14,Sunday,Cloudy,Highway Junction,Low,Low
165,4,Tuesday,Sunny,Ring Road,Low,Low
186,15,Friday,Rainy,College Road,Medium,Medium
340,17,Monday,Rainy,Ring Road,Medium,High
168,17,Tuesday,Cloudy,Ring Road,Medium,Medium
64,15,Thursday,Cloudy,College Road,Medium,Low
92,11,Monday,Sunny,Market Street,Medium,Medium
175,9,Monday,Sunny,Highway Junction,Low,Medium
126,1,Monday,Cloudy,Highway Junction,Low,Medium
83,4,Thursday,Cloudy,College Road,High,Low
164,4,Wednesday,Rainy,Market Street,Low,Medium
173,3,Wednesday,Cloudy,Ring Road,High,Medium
49,13,Sunday,Sunny,Main Road,High,Low
51,0,Saturday,Sunny,Ring Road,Low,Low
290,9,Tuesday,Sunny,Main Road,High,High
267,17,Friday,Cloudy,Ring Road,High,High
178,14,Friday,Sunny,Market Street,Low,Low
66,23,Sunday,Cloudy,Ring Road,Medium,Low
72,10,Saturday,Cloudy,Highway Junction,Low,Low
84,3,Friday,Cloudy,Ring Road,High,Medium
170,11,Monday,Sunny,Market Street,Low,Medium
265,17,Friday,Sunny,College Road,High,High
105,17,Saturday,Rainy,Market Street,Low,Medium
92,1,Thursday,Cloudy,Ring Road,Medium,Medium
100,5,Thursday,Cloudy,Market Street,Low,Low
92,1,Monday,Rainy,Main Road,Low,Low
231,9,Wednesday,Sunny,Ring Road,Medium,High
260,18,Thursday,Sunny,Market Street,Low,High
184,9,Thursday,Stormy,College Road,High,High
159,17,Sunday,Sunny,Ring Road,Low,Medium
107,10,Tuesday,Cloudy,Main Road,High,Low
285,17,Monday,Cloudy,Main Road,Low,High
172,23,Wednesday,Sunny,Main Road,Low,Medium
189,22,Wednesday,Sunny,Ring Road,Low,Low
141,18,Sunday,Cloudy,Highway Junction,High,Low
148,5,Thursday,Cloudy,College Road,Low,Low
161,1,Tuesday,Sunny,Ring Road,High,Medium
215,9,Friday,Rainy,Main Road,Low,Medium
55,0,Sunday,Sunny,College Road,Medium,Low
340,18,Friday,Sunny,College Road,High,High
285,20,Monday,Sunny,Main Road,Low,High
186,6,Tuesday,Rainy,Ring Road,Medium,Medium
135,20,Saturday,Rainy,Highway Junction,High,High
155,4,Tuesday,Cloudy,College Road,Medium,Medium
96,1,Tuesday,Sunny,Market Street,Medium,Medium
363,9,Friday,Sunny,Main Road,Medium,High
124,15,Tuesday,Sunny,Market Street,Low,Low
113,1,Thursday,Sunny,Main Road,High,Medium
106,8,Sunday,Sunny,Main Road,High,Medium
121,12,Thursday,Sunny,Market Street,Low,Medium
332,17,Friday,Sunny,College Road,Medium,High
182,16,Monday,Rainy,Ring Road,Medium,Medium
110,4,Friday,Sunny,Highway Junction,Low,Low
56,22,Saturday,Rainy,Ring Road,Medium,Low
44,14,Saturday,Rainy,College Road,Low,Low
206,19,Wednesday,Sunny,Ring Road,Low,Medium
95,13,Friday,Sunny,College Road,High,Low
110,13,Monday,Stormy,Market Street,Low,Low
131,14,Wednesday,Sunny,Ring Road,Medium,Medium
170,0,Friday,Rainy,Ring Road,Low,Medium
88,10,Thursday,Sunny,Ring Road,Low,Low
210,17,Sunday,Sunny,Main Road,Low,Medium
117,22,Monday,Rainy,Ring Road,High,Medium
305,7,Friday,Cloudy,College Road,Medium,High
262,9,Tuesday,Sunny,Main Road,High,High
216,18,Thursday,Sunny,Market Street,High,Medium
63,16,Monday,Cloudy,College Road,High,Low
268,19,Thursday,Cloudy,Ring Road,High,High
119,8,Saturday,Sunny,College Road,Low,Low
81,1,Wednesday,Sunny,Main Road,Medium,Low
265,18,Tuesday,Cloudy,Highway Junction,Low,High
68,23,Sunday,Cloudy,Market Street,Low,Low
126,0,Saturday,Cloudy,Main Road,High,Low
170,18,Wednesday,Sunny,Market Street,Low,Medium
227,18,Sunday,Cloudy,College Road,Medium,Medium
107,14,Monday,Sunny,Market Street,High,Low
344,19,Monday,Sunny,Market Street,Medium,High
167,23,Friday,Rainy,Market Street,Medium,Medium
166,11,Tuesday,Sunny,College Road,High,Medium
115,10,Saturday,Sunny,Highway Junction,Medium,Low
109,2,Saturday,Cloudy,Highway Junction,Medium,Low
148,21,Tuesday,Sunny,Main Road,Low,Low
202,16,Tuesday,Cloudy,Main Road,High,High
96,10,Sunday,Sunny,Ring Road,Low,Low
210,23,Friday,Rainy,Highway Junction,Medium,High
283,7,Wednesday,Sunny,Main Road,High,High
69,16,Thursday,Cloudy,College Road,High,Low
151,15,Friday,Sunny,Market Street,Low,Medium
97,20,Saturday,Sunny,College Road,Low,Low
169,5,Tuesday,Sunny,Ring Road,Low,Medium
266,17,Monday,Rainy,College Road,Low,High
244,17,Friday,Rainy,Ring Road,Medium,High
336,8,Friday,Cloudy,Ring Road,Medium,High
342,7,Tuesday,Cloudy,Main Road,Low,High
136,4,Friday,Sunny,Market Street,Medium,Medium
250,18,Monday,Sunny,Main Road,Low,High
160,23,Wednesday,Sunny,Ring Road,Medium,Medium
47,0,Saturday,Sunny,Market Street,Low,Low
89,2,Friday,Sunny,College Road,Medium,Low
100,2,Saturday,Cloudy,Ring Road,Low,Low
228,20,Tuesday,Rainy,Ring Road,Low,High
94,22,Monday,Rainy,Ring Road,Low,Medium
200,18,Friday,Sunny,Highway Junction,Medium,Medium
71,2,Saturday,Cloudy,Ring Road,Medium,Low
149,15,Tuesday,Sunny,Main Road,Low,Low
139,0,Friday,Sunny,College Road,Medium,Medium
174,14,Wednesday,Rainy,Highway Junction,Medium,High
144,4,Monday,Sunny,Main Road,Medium,Low
141,20,Sunday,Rainy,Main Road,Low,Medium
266,18,Thursday,Cloudy,College Road,High,High
145,21,Monday,Cloudy,College Road,Low,Low
188,16,Tuesday,Cloudy,Highway Junction,Low,Low
141,7,Saturday,Cloudy,Market Street,Low,Low
34,12,Friday,Sunny,Main Road,Low,Low
117,13,Thursday,Cloudy,Highway Junction,Medium,Medium
165,13,Tuesday,Sunny,Ring Road,Low,Low
49,22,Saturday,Cloudy,Market Street,Medium,Low
261,20,Wednesday,Sunny,Main Road,Low,High
162,5,Wednesday,Sunny,Market Street,Low,Low
118,22,Thursday,Stormy,Ring Road,Medium,Low
33,16,Saturday,Cloudy,Main Road,Medium,Low
85,15,Saturday,Sunny,Highway Junction,High,Medium
268,8,Friday,Cloudy,Market Street,Low,High
179,18,Sunday,Rainy,Ring Road,Low,Medium
167,14,Wednesday,Cloudy,Ring Road,Medium,Medium
32,1,Friday,Cloudy,Ring Road,Medium,Low
99,4,Tuesday,Sunny,College Road,Low,Low
285,20,Monday,Sunny,Main Road,High,High
205,9,Monday,Cloudy,Highway Junction,Medium,High
176,3,Monday,Rainy,Market Street,Low,Medium
61,13,Monday,Cloudy,Main Road,Medium,Low
148,13,Wednesday,Sunny,College Road,Low,Low
67,14,Saturday,Sunny,Market Street,Low,Low
193,16,Monday,Stormy,Market Street,High,High
178,8,Monday,Cloudy,Market Street,Medium,High
72,14,Saturday,Rainy,Ring Road,High,Low
189,6,Friday,Rainy,Highway Junction,High,Medium
10,3,Sunday,Sunny,Market Street,Low,Low
114,23,Wednesday,Stormy,Highway Junction,Low,Low
49,15,Sunday,Cloudy,Highway Junction,Medium,Low
27,12,Sunday,Rainy,Ring Road,Medium,Low
39,0,Sunday,Sunny,Market Street,Medium,Low
192,3,Monday,Rainy,Main Road,Low,Medium
151,14,Wednesday,Rainy,Main Road,Low,Medium
116,0,Tuesday,Sunny,Main Road,High,Low
77,21,Monday,Sunny,Ring Road,Medium,Low
196,9,Saturday,Rainy,Highway Junction,High,High
111,10,Sunday,Cloudy,Market Street,Low,Medium
84,16,Wednesday,Sunny,Ring Road,Low,Low
103,13,Saturday,Cloudy,Main Road,Low,Low
158,22,Thursday,Sunny,Market Street,Medium,Medium
114,1,Tuesday,Sunny,College Road,Low,Low
19,10,Saturday,Sunny,Main Road,Low,Low
307,18,Wednesday,Stormy,Market Street,Medium,High
175,18,Sunday,Stormy,Market Street,High,High
140,10,Friday,Rainy,Ring Road,High,Medium
56,4,Thursday,Sunny,Main Road,Medium,Low
165,23,Tuesday,Cloudy,Market Street,High,Medium
455,19,Wednesday,Rainy,Highway Junction,Medium,High
303,19,Friday,Rainy,Highway Junction,Medium,High
125,5,Tuesday,Sunny,Market Street,Low,Low
71,13,Thursday,Sunny,Highway Junction,Low,Low
272,18,Friday,Cloudy,College Road,Medium,High
195,9,Friday,Sunny,College Road,Low,Medium
32,21,Tuesday,Cloudy,Market Street,Medium,Low
113,3,Wednesday,Sunny,College Road,Low,Medium
90,4,Saturday,Stormy,Ring Road,Medium,Medium
191,20,Monday,Cloudy,Market Street,High,Medium
147,4,Tuesday,Sunny,Ring Road,High,Medium
143,21,Wednesday,Rainy,Market Street,High,Low
125,1,Tuesday,Stormy,Highway Junction,Low,Medium
131,14,Tuesday,Sunny,Market Street,High,Medium
83,13,Monday,Sunny,College Road,High,Medium
160,8,Wednesday,Sunny,Main Road,High,Medium
148,17,Sunday,Rainy,Main Road,Medium,Medium
101,6,Saturday,Sunny,Market Street,High,Low
149,8,Saturday,Sunny,Highway Junction,Low,Low
218,7,Wednesday,Stormy,Highway Junction,Low,High
44,21,Thursday,Cloudy,College Road,Low,Low
83,10,Saturday,Cloudy,Highway Junction,Medium,Low
58,10,Monday,Sunny,Ring Road,Low,Low
229,4,Friday,Cloudy,Ring Road,Low,Medium
153,7,Saturday,Cloudy,Highway Junction,High,Medium
384,9,Thursday,Cloudy,Highway Junction,Medium,High
44,23,Monday,Cloudy,Ring Road,High,Medium
201,17,Tuesday,Stormy,Main Road,High,High
110,15,Thursday,Cloudy,Highway Junction,Medium,Low
117,12,Monday,Sunny,Ring Road,Medium,Low
329,20,Tuesday,Rainy,Main Road,Low,High
160,17,Saturday,Rainy,Market Street,High,High
62,14,Wednesday,Rainy,Ring Road,Low,Low
144,0,Wednesday,Sunny,Main Road,Low,Low
111,5,Sunday,Stormy,Ring Road,High,Medium
313,19,Thursday,Rainy,Market Street,High,High
125,12,Friday,Rainy,College Road,Low,Low
46,5,Monday,Rainy,College Road,Low,Low
220,17,Sunday,Sunny,Highway Junction,Medium,Medium
266,18,Tuesday,Cloudy,Ring Road,High,High
22,15,Friday,Sunny,College Road,Low,Low
70,11,Sunday,Cloudy,College Road,Low,Low
84,23,Sunday,Sunny,Main Road,High,Low
163,9,Saturday,Cloudy,Market Street,Low,Medium
123,3,Thursday,Cloudy,Ring Road,High,Medium
68,3,Thursday,Sunny,Ring Road,Low,Low
168,13,Tuesday,Rainy,Market Street,Low,Medium
122,18,Sunday,Sunny,Highway Junction,Medium,Low
132,3,Friday,Sunny,Ring Road,High,Low
19,13,Sunday,Sunny,College Road,Medium,Low
36,11,Wednesday,Sunny,Market Street,Low,Low
95,23,Tuesday,Sunny,Main Road,High,Low
93,15,Sunday,Sunny,Ring Road,Low,Medium
123,2,Tuesday,Rainy,College Road,Low,Medium
156,6,Monday,Sunny,College Road,Low,Low
133,15,Friday,Rainy,Ring Road,Low,Medium
113,23,Monday,Cloudy,Highway Junction,Low,Low
163,15,Friday,Rainy,College Road,Low,Medium
166,19,Saturday,Sunny,Market Street,Low,Medium
187,1,Friday,Sunny,College Road,High,Low
110,13,Saturday,Rainy,Ring Road,Low,Low
106,2,Tuesday,Stormy,Main Road,Low,Low
116,21,Thursday,Rainy,Main Road,Low,Medium
313,19,Friday,Cloudy,Market Street,Medium,High
17,4,Sunday,Rainy,Main Road,High,Low
233,9,Monday,Cloudy,College Road,Low,High
167,18,Wednesday,Sunny,Highway Junction,Medium,Medium
229,18,Tuesday,Sunny,Highway Junction,Low,Medium
170,23,Thursday,Cloudy,Main Road,High,Low
96,6,Sunday,Sunny,College Road,Medium,Low
93,1,Wednesday,Sunny,Main Road,Medium,Low
89,21,Monday,Rainy,College Road,Low,Low
331,18,Monday,Cloudy,College Road,Low,High
97,4,Monday,Cloudy,Main Road,High,Low
124,15,Friday,Sunny,Ring Road,Medium,Low
214,18,Sunday,Rainy,Main Road,Medium,Medium
176,7,Monday,Cloudy,Highway Junction,Medium,High
85,3,Friday,Sunny,Ring Road,High,Low
268,19,Wednesday,Rainy,Main Road,Medium,High
119,15,Wednesday,Sunny,Ring Road,Low,Low
41,21,Thursday,Sunny,Market Street,Medium,Low
305,19,Friday,Sunny,Ring Road,Medium,High
275,19,Tuesday,Sunny,College Road,Medium,Medium
139,23,Thursday,Cloudy,College Road,Low,Low
120,13,Friday,Sunny,Highway Junction,Medium,Low
33,13,Saturday,Sunny,College Road,Medium,Low
302,18,Thursday,Sunny,Main Road,High,High
148,16,Monday,Cloudy,College Road,Medium,Low
82,3,Monday,Rainy,College Road,High,Medium
92,11,Saturday,Sunny,Highway Junction,Medium,Low
197,4,Monday,Rainy,Market Street,Low,Medium
155,6,Monday,Cloudy,College Road,Medium,Medium
80,12,Tuesday,Rainy,College Road,Medium,Medium
105,21,Friday,Stormy,Market Street,Medium,Medium
242,4,Wednesday,Rainy,Main Road,Medium,Medium
69,13,Monday,Cloudy,College Road,Medium,Low
192,21,Thursday,Cloudy,College Road,High,Medium
268,18,Wednesday,Cloudy,Main Road,Low,High
153,23,Thursday,Rainy,Market Street,High,Medium
73,14,Saturday,Sunny,Main Road,High,Low
183,14,Monday,Sunny,Highway Junction,Medium,Medium
111,10,Friday,Sunny,Highway Junction,Medium,Low
102,23,Monday,Sunny,Main Road,Medium,Low
260,9,Monday,Cloudy,Market Street,Medium,High
195,10,Thursday,Cloudy,Highway Junction,High,Medium
111,15,Wednesday,Cloudy,Ring Road,Medium,Low
17,23,Tuesday,Cloudy,College Road,Medium,Low
49,3,Sunday,Cloudy,College Road,Medium,Low
15,15,Tuesday,Sunny,Main Road,Medium,Low
162,19,Saturday,Sunny,Highway Junction,High,Medium
109,23,Tuesday,Sunny,Ring Road,Medium,Medium
68,4,Thursday,Cloudy,Market Street,High,Low
130,12,Sunday,Sunny,College Road,Low,Low
10,10,Saturday,Rainy,Ring Road,Medium,Low
77,21,Friday,Cloudy,Ring Road,Low,Low
92,5,Tuesday,Sunny,Ring Road,Medium,Low
249,9,Tuesday,Cloudy,Main Road,Low,High
106,14,Friday,Sunny,Ring Road,High,Medium
64,16,Sunday,Rainy,Market Street,Medium,Low
120,5,Friday,Cloudy,Ring Road,High,Low
109,13,Sunday,Sunny,Main Road,Medium,Low
162,12,Tuesday,Sunny,College Road,High,Medium
144,5,Monday,Sunny,Highway Junction,Medium,Medium
82,22,Tuesday,Sunny,Market Street,Low,Low
140,12,Monday,Sunny,Highway Junction,Low,Low
83,2,Monday,Stormy,Highway Junction,Low,Low
215,2,Monday,Rainy,College Road,Low,Medium
341,17,Thursday,Sunny,College Road,Medium,High
260,18,Friday,Sunny,Main Road,Low,High
241,20,Monday,Rainy,Ring Road,Low,Medium
101,11,Friday,Rainy,Main Road,High,Medium
265,18,Friday,Sunny,Market Street,Medium,High
259,7,Thursday,Cloudy,Ring Road,High,High
98,0,Saturday,Stormy,College Road,High,Medium
181,19,Sunday,Sunny,College Road,Low,Medium
72,1,Tuesday,Rainy,Market Street,High,Medium
221,19,Friday,Cloudy,Ring Road,High,High
88,21,Saturday,Cloudy,Market Street,Medium,Low
61,21,Wednesday,Sunny,Main Road,Medium,Low
362,20,Tuesday,Rainy,College Road,High,High
165,0,Friday,Sunny,Main Road,High,Medium
166,0,Thursday,Cloudy,Highway Junction,Medium,Medium
157,8,Thursday,Sunny,Main Road,Low,Medium
127,15,Tuesday,Sunny,College Road,Medium,Low
154,16,Tuesday,Sunny,Highway Junction,Low,Low
109,6,Monday,Cloudy,Ring Road,Low,Low
45,6,Saturday,Cloudy,Highway Junction,High,Low
331,20,Monday,Cloudy,Main Road,Medium,High
112,23,Monday,Cloudy,Highway Junction,Low,Low
392,9,Thursday,Cloudy,Ring Road,Low,High
130,23,Thursday,Sunny,Main Road,Low,Medium
101,22,Sunday,Sunny,Main Road,Medium,Low
89,13,Friday,Rainy,College Road,Medium,Medium
155,14,Friday,Cloudy,Main Road,High,Medium
149,10,Thursday,Rainy,Highway Junction,High,High
120,16,Saturday,Sunny,Highway Junction,Low,Low
76,23,Monday,Sunny,Ring Road,Medium,Low
281,8,Tuesday,Cloudy,Market Street,Medium,High
107,6,Tuesday,Rainy,Main Road,Medium,Medium
56,21,Saturday,Cloudy,Main Road,Low,Low
103,2,Wednesday,Sunny,Highway Junction,Medium,Low
100,18,Saturday,Cloudy,College Road,Low,Low
130,23,Thursday,Cloudy,Ring Road,Low,Low
93,12,Sunday,Cloudy,Main Road,Low,Low
197,23,Wednesday,Rainy,Highway Junction,Medium,High
93,15,Friday,Sunny,Ring Road,Medium,Low
89,23,Tuesday,Sunny,Main Road,Medium,Low
128,9,Sunday,Rainy,Highway Junction,Low,Medium
117,14,Sunday,Rainy,Ring Road,High,Medium
82,4,Sunday,Sunny,Ring Road,Low,Low
113,1,Monday,Rainy,Highway Junction,Low,Medium
294,17,Monday,Cloudy,Main Road,Low,Medium
149,2,Wednesday,Cloudy,Main Road,Low,Medium
272,7,Friday,Sunny,College Road,Low,High
64,2,Wednesday,Rainy,Ring Road,Low,Low
58,10,Sunday,Sunny,Main Road,Low,Low
223,5,Monday,Cloudy,Ring Road,Low,Medium
274,8,Monday,Stormy,Market Street,Low,High
257,17,Friday,Cloudy,Market Street,High,High
165,1,Wednesday,Sunny,Highway Junction,Medium,Low
74,13,Saturday,Cloudy,Market Street,Low,Low
47,1,Sunday,Sunny,Ring Road,Medium,Low
326,9,Monday,Sunny,Highway Junction,Medium,High
48,11,Sunday,Sunny,Highway Junction,Low,Low
64,13,Saturday,Sunny,Market Street,Low,Low
79,14,Sunday,Rainy,Market Street,Low,Low
262,8,Wednesday,Sunny,Highway Junction,High,High
226,9,Friday,Cloudy,Highway Junction,Medium,High
164,22,Tuesday,Cloudy,Ring Road,Medium,Medium
373,18,Tuesday,Sunny,Highway Junction,Low,High
272,18,Tuesday,Stormy,Ring Road,Low,High
79,12,Tuesday,Cloudy,Highway Junction,Medium,Medium
34,5,Monday,Stormy,Highway Junction,Medium,Low
369,9,Thursday,Rainy,College Road,High,High
138,12,Tuesday,Cloudy,College Road,Medium,Medium
211,20,Friday,Sunny,Highway Junction,Low,Medium
106,22,Monday,Rainy,Highway Junction,Medium,Medium
102,16,Friday,Rainy,Main Road,High,Medium
92,0,Wednesday,Sunny,Market Street,Medium,Low
190,11,Thursday,Sunny,College Road,Low,Medium
152,15,Monday,Rainy,Ring Road,Medium,Medium
210,8,Thursday,Sunny,Main Road,Medium,Medium
399,20,Tuesday,Sunny,Market Street,Medium,High
88,23,Wednesday,Sunny,Market Street,Medium,Low
155,9,Saturday,Sunny,Market Street,Medium,Medium
266,20,Monday,Sunny,Ring Road,Low,High
152,2,Tuesday,Sunny,Market Street,Low,Low
343,8,Thursday,Sunny,Highway Junction,High,High
245,18,Tuesday,Rainy,Main Road,Medium,High
125,16,Thursday,Cloudy,Highway Junction,High,Low
64,4,Sunday,Sunny,Ring Road,High,Low
138,9,Saturday,Cloudy,College Road,Low,Medium
78,23,Sunday,Sunny,Highway Junction,Medium,Low
105,2,Monday,Stormy,Highway Junction,Low,Low
106,15,Monday,Cloudy,Market Street,Medium,Medium
93,22,Saturday,Rainy,Ring Road,Low,Low
30,21,Sunday,Rainy,College Road,Low,Low
65,14,Monday,Cloudy,Main Road,Low,Low
101,22,Monday,Rainy,Main Road,Low,Low
337,7,Wednesday,Sunny,Market Street,Low,High
101,21,Monday,Sunny,Market Street,Medium,Low
162,12,Tuesday,Cloudy,Highway Junction,High,Medium
82,15,Saturday,Rainy,Ring Road,Low,Low
100,11,Friday,Sunny,Highway Junction,High,Low
286,9,Thursday,Cloudy,College Road,Low,High
223,16,Wednesday,Cloudy,College Road,High,Medium
95,22,Friday,Sunny,Market Street,Medium,Low
93,12,Tuesday,Sunny,Ring Road,Medium,Low
269,18,Tuesday,Sunny,Main Road,Medium,High
199,18,Tuesday,Stormy,Main Road,Medium,High
41,13,Saturday,Cloudy,Market Street,High,Low
242,7,Thursday,Sunny,College Road,High,High
212,19,Monday,Rainy,Main Road,Medium,High
98,4,Monday,Sunny,College Road,Medium,Medium
43,23,Sunday,Sunny,Market Street,Low,Low
250,19,Tuesday,Sunny,College Road,High,High
321,17,Monday,Rainy,Highway Junction,Low,High
101,2,Thursday,Sunny,College Road,Medium,Low
101,3,Wednesday,Sunny,College Road,Low,Low
169,12,Wednesday,Sunny,Highway Junction,Medium,Low
211,18,Tuesday,Cloudy,Market Street,Low,Medium
100,5,Tuesday,Sunny,Highway Junction,High,Low
94,2,Thursday,Rainy,Ring Road,Low,Medium
139,20,Tuesday,Sunny,Highway Junction,Medium,Medium
115,21,Wednesday,Rainy,Highway Junction,Low,Low
103,4,Tuesday,Sunny,College Road,High,Low
85,16,Saturday,Rainy,Main Road,High,Medium
16,6,Saturday,Sunny,College Road,Medium,Low
286,9,Tuesday,Sunny,Market Street,Medium,High
113,16,Thursday,Stormy,Highway Junction,Medium,Low
126,10,Sunday,Cloudy,Highway Junction,High,Medium
69,21,Sunday,Sunny,Main Road,High,Low
338,7,Tuesday,Sunny,Main Road,Medium,High
109,2,Wednesday,Sunny,Ring Road,Low,Low
39,15,Thursday,Cloudy,Highway Junction,High,Medium
344,18,Tuesday,Rainy,Highway Junction,High,High
309,18,Wednesday,Sunny,Highway Junction,Medium,High
100,0,Monday,Rainy,College Road,Low,Medium
297,9,Tuesday,Sunny,Main Road,Medium,High
212,15,Tuesday,Rainy,Highway Junction,Low,Medium
83,10,Monday,Rainy,Highway Junction,Medium,Low
203,4,Monday,Rainy,College Road,Low,Medium
240,9,Tuesday,Rainy,Market Street,Low,High
279,19,Wednesday,Cloudy,Highway Junction,Medium,High
251,20,Monday,Sunny,Ring Road,Low,Medium
25,2,Sunday,Sunny,Highway Junction,High,Low
267,16,Thursday,Sunny,Market Street,Low,High
294,8,Thursday,Sunny,College Road,Low,High
10,23,Monday,Stormy,Ring Road,Low,Low
150,9,Sunday,Rainy,Market Street,Medium,Medium
74,14,Tuesday,Cloudy,Ring Road,High,Medium
77,1,Saturday,Stormy,Market Street,Low,Low
43,10,Sunday,Sunny,College Road,Low,Low
111,3,Saturday,Cloudy,Highway Junction,Low,Low
36,12,Tuesday,Stormy,Ring Road,High,Medium
153,5,Monday,Rainy,Main Road,Medium,Medium
41,16,Thursday,Sunny,Market Street,High,Low
331,19,Monday,Cloudy,Market Street,Low,High
149,10,Tuesday,Sunny,College Road,High,Medium
310,20,Monday,Cloudy,Market Street,Medium,High
105,1,Sunday,Sunny,Highway Junction,High,Low
275,8,Monday,Stormy,Main Road,Low,High
57,5,Thursday,Stormy,College Road,High,Low
95,12,Saturday,Rainy,Ring Road,Low,Low
163,1,Thursday,Stormy,Highway Junction,Medium,Medium
170,3,Thursday,Cloudy,College Road,High,Medium
101,21,Saturday,Sunny,Main Road,High,Low
102,21,Wednesday,Sunny,Main Road,Low,Low
329,8,Wednesday,Cloudy,Main Road,Medium,High
73,21,Sunday,Sunny,College Road,Low,Low
95,23,Tuesday,Cloudy,Market Street,Medium,Medium
131,10,Friday,Rainy,College Road,Medium,Medium
44,4,Sunday,Cloudy,College Road,High,Low
156,14,Tuesday,Rainy,Highway Junction,Low,Low
107,1,Monday,Sunny,Ring Road,Low,Low
152,15,Tuesday,Cloudy,Ring Road,Medium,Medium
149,18,Saturday,Sunny,College Road,Low,Low
141,18,Sunday,Stormy,Ring Road,High,High
87,10,Sunday,Sunny,College Road,High,Low
149,3,Monday,Rainy,Main Road,Medium,Medium
157,23,Friday,Sunny,Market Street,Medium,Medium
230,17,Saturday,Cloudy,Ring Road,Medium,Medium
50,2,Friday,Stormy,Highway Junction,High,Low
57,21,Sunday,Rainy,Highway Junction,Low,Low
28,10,Saturday,Sunny,Main Road,High,Low
224,20,Monday,Sunny,Market Street,Medium,High
92,0,Saturday,Rainy,Main Road,Medium,Medium
87,23,Wednesday,Rainy,Ring Road,Medium,Low
111,5,Tuesday,Sunny,College Road,Medium,Medium
96,13,Saturday,Rainy,College Road,Low,Low
332,7,Wednesday,Sunny,Main Road,High,High
290,17,Tuesday,Rainy,Main Road,Medium,High
279,8,Thursday,Cloudy,Main Road,Low,High
106,13,Monday,Sunny,Market Street,Medium,Medium
166,14,Friday,Rainy,College Road,Low,Low
89,21,Tuesday,Cloudy,College Road,Low,Low
202,20,Monday,Sunny,College Road,Low,Medium
201,10,Wednesday,Rainy,Ring Road,Medium,Medium
313,9,Wednesday,Rainy,Highway Junction,High,High
159,4,Thursday,Rainy,College Road,Low,Medium
237,7,Friday,Sunny,Market Street,High,High
161,17,Sunday,Sunny,Ring Road,Low,Medium
77,14,Wednesday,Cloudy,Ring Road,Low,Low
287,9,Thursday,Sunny,Market Street,High,High
91,22,Wednesday,Sunny,Ring Road,Low,Low
168,2,Friday,Cloudy,Ring Road,High,Medium
313,20,Thursday,Sunny,College Road,High,High
211,11,Monday,Sunny,Highway Junction,High,Medium
87,2,Sunday,Cloudy,Main Road,Low,Low
242,3,Wednesday,Cloudy,Highway Junction,High,High
84,18,Saturday,Rainy,Ring Road,High,Medium
148,9,Saturday,Sunny,Ring Road,Low,Medium
79,6,Sunday,Sunny,College Road,Medium,Low
59,19,Saturday,Cloudy,College Road,High,Medium
111,15,Saturday,Sunny,Market Street,Low,Low
155,10,Monday,Rainy,Ring Road,Low,Medium
73,14,Wednesday,Rainy,Ring Road,Medium,Low
137,0,Saturday,Rainy,Main Road,Low,Low
61,6,Sunday,Cloudy,Main Road,Low,Low
133,22,Monday,Sunny,Main Road,Medium,Medium
175,3,Wednesday,Sunny,College Road,Medium,Medium
89,22,Sunday,Cloudy,Market Street,Medium,Low
82,12,Sunday,Sunny,Ring Road,Medium,Low
95,11,Monday,Sunny,Ring Road,Low,Low
159,10,Tuesday,Stormy,College Road,High,Medium
54,21,Saturday,Sunny,Main Road,High,Low
135,16,Tuesday,Sunny,Ring Road,Low,Low
155,0,Monday,Sunny,Market Street,Medium,Medium
95,16,Tuesday,Cloudy,Highway Junction,Low,Low
191,22,Monday,Rainy,College Road,Medium,High
94,9,Sunday,Cloudy,Market Street,Low,Low
149,1,Tuesday,Rainy,Highway Junction,Medium,Medium
76,5,Sunday,Stormy,Ring Road,Low,Medium
175,6,Thursday,Rainy,Main Road,Low,Medium
167,14,Wednesday,Sunny,Main Road,Medium,Medium
248,7,Wednesday,Sunny,Main Road,Low,High
191,13,Friday,Sunny,Highway Junction,Low,Medium
192,9,Monday,Rainy,Highway Junction,Medium,High
39,15,Sunday,Rainy,Ring Road,High,Low
180,15,Monday,Rainy,Highway Junction,Low,Medium
10,4,Sunday,Rainy,Main Road,High,Low
90,11,Thursday,Sunny,Market Street,Medium,Low
109,12,Friday,Sunny,Ring Road,Medium,Medium
139,11,Tuesday,Rainy,Market Street,Low,Medium
160,10,Wednesday,Cloudy,College Road,Medium,Medium
237,18,Friday,Cloudy,College Road,Medium,High
65,12,Thursday,Sunny,Main Road,Medium,Low
190,2,Wednesday,Sunny,Highway Junction,Medium,Medium
183,23,Tuesday,Sunny,Highway Junction,Medium,Medium
96,10,Tuesday,Sunny,College Road,Medium,Low
101,23,Friday,Cloudy,College Road,Low,Low
296,8,Tuesday,Cloudy,Main Road,Medium,High
281,8,Thursday,Stormy,Highway Junction,Low,High
141,19,Saturday,Cloudy,College Road,Low,Medium
126,21,Monday,Sunny,Market Street,High,Low
100,23,Thursday,Sunny,Highway Junction,Low,Low
140,14,Thursday,Cloudy,Highway Junction,High,Medium
300,8,Monday,Cloudy,Highway Junction,Medium,High
75,13,Saturday,Cloudy,Main Road,Low,Low
95,13,Tuesday,Rainy,Market Street,Low,Medium
70,5,Sunday,Rainy,Ring Road,Low,Low
141,22,Tuesday,Sunny,Market Street,Low,Low
65,10,Sunday,Cloudy,Market Street,Medium,Low
165,14,Monday,Rainy,Market Street,Medium,High
145,1,Friday,Cloudy,Ring Road,Low,Low
240,9,Thursday,Cloudy,Main Road,Medium,High
172,22,Monday,Rainy,Highway Junction,Low,Low
239,17,Friday,Stormy,Main Road,High,High
91,23,Friday,Sunny,Highway Junction,Low,Low
173,17,Saturday,Rainy,College Road,High,High
111,22,Tuesday,Cloudy,Main Road,Medium,Low
112,5,Wednesday,Cloudy,Main Road,Low,Medium
215,8,Thursday,Sunny,Market Street,Medium,High
90,3,Saturday,Sunny,Highway Junction,Low,Low
83,13,Sunday,Sunny,College Road,Medium,Low
398,7,Tuesday,Cloudy,Main Road,High,High
88,4,Sunday,Cloudy,Market Street,Medium,Low
269,21,Thursday,Cloudy,Market Street,High,High
252,8,Thursday,Sunny,Market Street,Low,High
72,1,Thursday,Rainy,College Road,Low,Low
80,14,Tuesday,Stormy,Main Road,Medium,Medium
86,11,Thursday,Cloudy,Ring Road,Medium,Low
10,10,Sunday,Cloudy,Main Road,Medium,Low
397,9,Monday,Cloudy,Main Road,Medium,High
38,15,Sunday,Sunny,Highway Junction,Medium,Low
130,12,Monday,Cloudy,Highway Junction,Low,Low
97,3,Friday,Cloudy,Ring Road,Medium,Medium
122,10,Thursday,Rainy,Main Road,High,Medium
149,4,Tuesday,Cloudy,Market Street,High,Medium
74,0,Friday,Sunny,Main Road,Low,Low
67,13,Saturday,Cloudy,Highway Junction,Medium,Low
308,9,Monday,Cloudy,College Road,Low,High
137,11,Tuesday,Cloudy,College Road,Low,Medium
289,19,Friday,Sunny,Highway Junction,Low,High
214,8,Saturday,Rainy,Ring Road,High,High
44,3,Monday,Sunny,Highway Junction,High,Low
397,17,Tuesday,Rainy,Ring Road,Medium,High
91,16,Thursday,Sunny,College Road,Medium,Low
143,2,Thursday,Sunny,Highway Junction,Medium,Medium
85,23,Wednesday,Sunny,Market Street,Medium,Low
93,2,Sunday,Sunny,College Road,Low,Low
44,10,Sunday,Sunny,Highway Junction,High,Low
132,6,Saturday,Sunny,College Road,High,Medium
261,20,Friday,Cloudy,Market Street,High,High
74,15,Thursday,Sunny,Market Street,Low,Low
121,18,Saturday,Cloudy,Market Street,Medium,Medium
111,14,Saturday,Cloudy,Main Road,Medium,Medium
112,23,Saturday,Stormy,Ring Road,Medium,Medium
171,9,Sunday,Sunny,College Road,Medium,Medium
210,17,Wednesday,Sunny,Ring Road,Low,Medium
51,5,Sunday,Rainy,Market Street,Medium,Low
80,16,Friday,Sunny,College Road,Low,Low
237,19,Tuesday,Sunny,Ring Road,Medium,High
195,11,Thursday,Sunny,Main Road,Medium,Medium
130,0,Tuesday,Rainy,Main Road,Medium,Medium
226,17,Wednesday,Sunny,Highway Junction,Medium,Medium
84,16,Thursday,Sunny,Ring Road,Low,Low
133,10,Saturday,Cloudy,Ring Road,Low,Medium
139,16,Wednesday,Rainy,Market Street,Low,Medium
187,16,Tuesday,Sunny,Main Road,Low,Medium
84,18,Saturday,Cloudy,Highway Junction,High,Medium
90,21,Sunday,Cloudy,Market Street,Low,Low
341,17,Wednesday,Cloudy,Highway Junction,Medium,High
171,14,Friday,Cloudy,Main Road,Low,Medium
247,9,Monday,Sunny,Market Street,Low,High
226,11,Monday,Sunny,Highway Junction,Low,Medium
110,6,Wednesday,Cloudy,Ring Road,Medium,Low
137,4,Thursday,Cloudy,College Road,High,Medium
149,16,Friday,Sunny,Main Road,Medium,Medium
148,10,Friday,Sunny,Ring Road,Low,Low
69,21,Sunday,Rainy,Ring Road,Medium,Medium
133,6,Thursday,Rainy,Market Street,Low,Low
118,7,Saturday,Rainy,Main Road,Low,Medium
160,11,Tuesday,Cloudy,College Road,High,Medium
200,16,Friday,Cloudy,College Road,Medium,Medium
40,21,Monday,Sunny,Highway Junction,Medium,Low
53,5,Friday,Sunny,Market Street,Medium,Low
118,20,Saturday,Sunny,Market Street,Low,Low
105,3,Wednesday,Cloudy,Ring Road,High,Low
155,17,Saturday,Sunny,Highway Junction,Low,Low
188,6,Tuesday,Rainy,Market Street,Medium,Medium
100,11,Wednesday,Rainy,Ring Road,High,Medium
86,16,Saturday,Sunny,Market Street,Low,Low
94,22,Saturday,Sunny,Ring Road,High,Medium
87,2,Friday,Rainy,Highway Junction,Medium,Low
74,2,Tuesday,Sunny,Main Road,Low,Low
110,13,Friday,Cloudy,Ring Road,Low,Low
80,1,Saturday,Sunny,Highway Junction,Low,Low
195,13,Monday,Stormy,Highway Junction,Medium,Medium
133,18,Saturday,Rainy,Main Road,Medium,Medium
120,22,Thursday,Sunny,Main Road,Low,Low
193,7,Sunday,Rainy,Ring Road,High,Medium
138,15,Wednesday,Sunny,Highway Junction,Medium,Medium
181,18,Sunday,Stormy,College Road,Low,Medium
42,2,Wednesday,Sunny,Market Street,Low,Low
36,14,Saturday,Cloudy,Highway Junction,Medium,Low
289,8,Monday,Sunny,Highway Junction,Low,High
83,10,Sunday,Cloudy,College Road,Low,Low
38,6,Saturday,Cloudy,Ring Road,Medium,Low
208,1,Monday,Sunny,College Road,Low,Medium
253,17,Tuesday,Cloudy,College Road,Low,Medium
123,17,Saturday,Sunny,Ring Road,Medium,Medium
76,1,Wednesday,Stormy,Ring Road,High,Medium
113,16,Monday,Cloudy,Highway Junction,High,Medium
226,12,Thursday,Sunny,Market Street,Low,Medium
134,16,Friday,Rainy,College Road,Low,Medium
196,12,Tuesday,Rainy,Highway Junction,High,High
361,9,Monday,Cloudy,Market Street,Medium,High
77,2,Monday,Rainy,Ring Road,High,Medium
125,11,Tuesday,Sunny,Ring Road,Low,Low
163,2,Tuesday,Rainy,College Road,Medium,Medium
99,15,Sunday,Rainy,Main Road,Medium,Low
264,8,Friday,Cloudy,Main Road,Medium,High
70,3,Saturday,Rainy,Market Street,Medium,Low
53,11,Tuesday,Cloudy,Main Road,Medium,Low
222,7,Wednesday,Cloudy,Main Road,Low,High
50,5,Saturday,Cloudy,Ring Road,Medium,Low
184,9,Saturday,Rainy,Market Street,Medium,High
216,4,Thursday,Sunny,College Road,Medium,Medium
82,15,Sunday,Cloudy,Highway Junction,Low,Low
38,15,Sunday,Sunny,College Road,High,Low
131,20,Sunday,Sunny,Main Road,Medium,Medium
119,13,Tuesday,Sunny,Highway Junction,Low,Low
70,22,Saturday,Rainy,Ring Road,Medium,Low
180,10,Monday,Cloudy,Highway Junction,Medium,Medium
105,0,Friday,Rainy,Highway Junction,Medium,Medium
156,2,Wednesday,Cloudy,Market Street,Low,Medium
194,19,Sunday,Stormy,Highway Junction,High,High
133,15,Tuesday,Sunny,College Road,High,Medium
71,5,Sunday,Rainy,College Road,Medium,Low
304,9,Thursday,Sunny,College Road,Medium,High
29,13,Saturday,Sunny,Highway Junction,Low,Low
72,1,Tuesday,Rainy,Main Road,High,Medium
101,6,Friday,Cloudy,Main Road,Medium,Medium
134,0,Sunday,Sunny,Main Road,Medium,Low
55,3,Saturday,Rainy,Highway Junction,Medium,Low
134,21,Thursday,Stormy,Highway Junction,Medium,Medium
153,4,Thursday,Cloudy,College Road,Low,Medium
168,15,Monday,Rainy,College Road,High,Medium
175,23,Thursday,Sunny,Highway Junction,High,Medium
134,4,Friday,Rainy,Market Street,Medium,Low
141,5,Sunday,Sunny,Ring Road,Low,Low
151,2,Monday,Sunny,College Road,High,Medium
262,19,Wednesday,Sunny,College Road,High,High
55,3,Wednesday,Cloudy,Market Street,Low,Low
42,12,Tuesday,Sunny,Highway Junction,High,Low
124,16,Friday,Sunny,Highway Junction,High,Low
113,15,Thursday,Cloudy,Market Street,High,Medium
145,7,Sunday,Sunny,Market Street,Low,Low
74,15,Sunday,Cloudy,Ring Road,Low,Low
181,23,Monday,Rainy,Main Road,Low,Medium
150,3,Friday,Sunny,Main Road,Medium,Medium
277,18,Tuesday,Stormy,Highway Junction,High,High
102,11,Friday,Sunny,Main Road,Medium,Low
98,4,Wednesday,Rainy,Main Road,Low,Low
135,10,Thursday,Rainy,Main Road,Low,Medium
222,17,Sunday,Sunny,Ring Road,High,Medium
184,9,Sunday,Cloudy,Highway Junction,Low,Medium
95,21,Saturday,Stormy,Main Road,Medium,Medium
188,19,Saturday,Sunny,Main Road,Medium,Medium
206,8,Sunday,Rainy,Main Road,Medium,Medium
154,17,Sunday,Sunny,Main Road,High,High
99,1,Tuesday,Sunny,Market Street,High,Medium
112,4,Saturday,Sunny,Main Road,Low,Medium
154,18,Sunday,Sunny,Main Road,High,Medium
84,1,Thursday,Cloudy,Highway Junction,High,Medium
268,20,Thursday,Sunny,Ring Road,Low,High
140,3,Monday,Cloudy,Main Road,Low,Low
181,4,Wednesday,Cloudy,Main Road,Low,Medium
113,23,Tuesday,Cloudy,College Road,Low,Medium
152,10,Wednesday,Sunny,Main Road,Low,Low
139,10,Wednesday,Cloudy,Highway Junction,Medium,Low
111,23,Thursday,Cloudy,College Road,Medium,Medium
143,12,Tuesday,Sunny,Main Road,Medium,Low
90,2,Saturday,Cloudy,Highway Junction,Low,Low
200,23,Monday,Sunny,Market Street,Low,Medium
53,3,Saturday,Cloudy,Main Road,Medium,Low
90,6,Saturday,Cloudy,College Road,Medium,Low
101,11,Saturday,Stormy,College Road,High,Medium
106,19,Sunday,Sunny,College Road,Medium,Low
87,19,Sunday,Cloudy,Market Street,Medium,Low
129,3,Wednesday,Rainy,Market Street,Low,Medium
223,20,Saturday,Cloudy,Market Street,High,High
239,18,Monday,Sunny,Highway Junction,Medium,High
157,16,Monday,Sunny,Highway Junction,Medium,Medium
273,19,Monday,Rainy,College Road,Low,High
126,12,Thursday,Stormy,Main Road,Medium,Medium
72,3,Sunday,Sunny,Highway Junction,High,Low
179,18,Monday,Sunny,Main Road,Medium,Medium
130,5,Thursday,Sunny,Market Street,Medium,Medium
171,20,Saturday,Rainy,Ring Road,High,Medium
23,17,Sunday,Cloudy,College Road,Medium,Low
60,13,Sunday,Cloudy,College Road,Low,Low
119,3,Saturday,Rainy,College Road,Low,Low
76,1,Thursday,Sunny,College Road,High,Low
167,23,Friday,Sunny,Main Road,Low,Low
165,20,Saturday,Cloudy,College Road,Medium,Medium
141,3,Friday,Sunny,Market Street,Low,Low
84,5,Thursday,Sunny,Highway Junction,High,Low
48,5,Saturday,Rainy,Highway Junction,Low,Low
185,2,Monday,Cloudy,Highway Junction,High,Medium
153,0,Monday,Sunny,Market Street,Medium,Medium
212,21,Thursday,Sunny,Highway Junction,Low,Medium
241,8,Wednesday,Sunny,Main Road,Low,Medium
209,17,Thursday,Cloudy,Ring Road,Medium,High
131,5,Monday,Sunny,Highway Junction,Low,Low
159,11,Monday,Rainy,Market Street,Medium,Medium
46,4,Sunday,Sunny,Highway Junction,Medium,Low
119,3,Friday,Sunny,College Road,Low,Low
45,6,Sunday,Rainy,Ring Road,Low,Low
76,11,Sunday,Sunny,Market Street,Low,Low
10,1,Wednesday,Rainy,Ring Road,High,Low
185,4,Wednesday,Cloudy,College Road,Low,Medium
201,1,Thursday,Sunny,Ring Road,Low,Low
57,2,Saturday,Cloudy,Market Street,Low,Low
141,9,Sunday,Stormy,Main Road,Medium,Medium
115,14,Wednesday,Cloudy,Market Street,Low,Medium
183,7,Sunday,Rainy,Ring Road,Low,High
152,19,Saturday,Sunny,Ring Road,Medium,High
115,4,Tuesday,Cloudy,Ring Road,Low,Medium
85,11,Thursday,Rainy,Highway Junction,Medium,Medium
148,5,Friday,Sunny,Highway Junction,Low,Low
107,5,Sunday,Sunny,Ring Road,Low,Low
97,2,Thursday,Sunny,Main Road,Low,Low
111,12,Saturday,Cloudy,Main Road,High,Low
13,12,Saturday,Rainy,Highway Junction,Medium,Low
75,12,Wednesday,Sunny,Ring Road,Low,Low
68,12,Sunday,Sunny,College Road,Medium,Low
260,8,Monday,Cloudy,Main Road,Low,High
142,13,Tuesday,Rainy,Main Road,Medium,Medium
126,2,Monday,Stormy,Ring Road,Low,Medium
117,11,Sunday,Cloudy,Market Street,Medium,Low
123,12,Thursday,Sunny,Market Street,Low,Low
149,21,Thursday,Cloudy,Main Road,Low,Medium
111,2,Saturday,Sunny,Main Road,Medium,Low
188,1,Thursday,Stormy,Highway Junction,High,High
128,4,Monday,Rainy,Main Road,Medium,Medium
55,14,Thursday,Rainy,Market Street,Medium,Low
304,20,Monday,Rainy,Ring Road,Low,High
122,6,Sunday,Sunny,Main Road,Medium,Low
117,7,Saturday,Sunny,Ring Road,Low,Low
178,22,Wednesday,Sunny,College Road,High,Medium
204,20,Saturday,Sunny,Market Street,High,Medium
172,11,Thursday,Sunny,College Road,Low,Low
361,8,Tuesday,Sunny,Main Road,Low,High
149,1,Thursday,Sunny,Main Road,Medium,Low
170,3,Monday,Sunny,Market Street,High,Medium
61,1,Saturday,Rainy,College Road,Low,Low
125,12,Friday,Sunny,College Road,Low,Low
291,17,Friday,Sunny,Highway Junction,Low,High
132,3,Wednesday,Cloudy,Highway Junction,Medium,Medium
119,13,Saturday,Sunny,College Road,Low,Low
86,10,Tuesday,Rainy,Highway Junction,Low,Medium
224,12,Thursday,Sunny,Main Road,High,Medium
212,11,Monday,Rainy,College Road,Low,Medium
293,9,Monday,Sunny,Market Street,High,High
119,15,Wednesday,Stormy,Ring Road,High,Medium
103,16,Thursday,Sunny,Main Road,High,Medium
10,14,Friday,Sunny,Market Street,High,Low
132,0,Wednesday,Stormy,Highway Junction,Low,Medium
135,22,Wednesday,Rainy,Highway Junction,Low,Medium
223,7,Friday,Rainy,Market Street,Low,High
200,14,Friday,Sunny,College Road,Medium,Medium
231,8,Friday,Cloudy,Market Street,Medium,High
280,7,Thursday,Cloudy,Highway Junction,Low,High
68,15,Sunday,Cloudy,Market Street,Low,Low
195,2,Tuesday,Sunny,College Road,Low,Medium
185,14,Monday,Cloudy,Main Road,Low,Low
298,18,Wednesday,Cloudy,College Road,Medium,High
75,22,Thursday,Sunny,Ring Road,Medium,Medium
56,11,Sunday,Cloudy,Main Road,High,Low
158,22,Tuesday,Rainy,Ring Road,Low,Medium
117,13,Friday,Cloudy,Ring Road,High,Medium
200,17,Tuesday,Rainy,Highway Junction,Low,Medium
93,0,Sunday,Rainy,College Road,High,Medium
156,18,Saturday,Rainy,College Road,Medium,Medium
394,19,Wednesday,Sunny,Main Road,Low,High
167,2,Monday,Rainy,College Road,High,Medium
74,16,Saturday,Rainy,Market Street,High,Medium
134,12,Friday,Sunny,Market Street,Medium,Low
127,6,Friday,Cloudy,Market Street,Medium,Medium
15,6,Saturday,Sunny,College Road,Low,Low
114,0,Monday,Sunny,Highway Junction,Medium,Low
163,8,Sunday,Sunny,Market Street,High,High
114,13,Friday,Sunny,College Road,High,Medium
70,6,Saturday,Rainy,Market Street,Medium,Low
26,21,Thursday,Sunny,College Road,Low,Low
115,16,Thursday,Stormy,College Road,Medium,Medium
39,5,Tuesday,Cloudy,Ring Road,Low,Low
147,3,Thursday,Rainy,Highway Junction,Low,Low
96,23,Saturday,Cloudy,College Road,Medium,Low
181,5,Friday,Sunny,Main Road,High,Medium
148,15,Friday,Cloudy,College Road,Medium,Medium
161,19,Sunday,Rainy,College Road,Low,Medium
104,13,Tuesday,Cloudy,Main Road,Low,Low
71,23,Thursday,Cloudy,College Road,Low,Low
340,17,Tuesday,Sunny,Highway Junction,High,High
42,14,Saturday,Sunny,Ring Road,Medium,Low
112,4,Wednesday,Sunny,Highway Junction,High,Medium
131,21,Wednesday,Sunny,Market Street,Low,Low
133,15,Thursday,Stormy,Main Road,Medium,Medium
121,13,Friday,Cloudy,Ring Road,Low,Low
66,13,Thursday,Sunny,Main Road,Low,Low
127,13,Friday,Sunny,Ring Road,Low,Medium
161,16,Monday,Rainy,Market Street,Medium,Medium
51,0,Sunday,Sunny,Highway Junction,Low,Low
115,3,Wednesday,Sunny,Highway Junction,Medium,Low
102,21,Tuesday,Cloudy,Ring Road,Low,Low
80,14,Tuesday,Cloudy,Highway Junction,Medium,Low
157,15,Tuesday,Cloudy,Ring Road,Low,Medium
254,17,Friday,Sunny,Ring Road,Low,Medium
69,9,Saturday,Sunny,Main Road,Medium,Medium
68,1,Sunday,Cloudy,Highway Junction,Medium,Low
100,2,Monday,Rainy,Highway Junction,High,Low
67,21,Saturday,Sunny,Market Street,Medium,Low
127,12,Wednesday,Sunny,Market Street,Low,Medium
118,13,Monday,Cloudy,College Road,Low,Medium
10,2,Sunday,Cloudy,College Road,Low,Low
114,10,Tuesday,Rainy,Ring Road,High,Medium
181,5,Monday,Sunny,Market Street,Low,Medium
164,22,Saturday,Sunny,College Road,Medium,Low
137,14,Monday,Cloudy,Ring Road,Low,Medium
280,7,Wednesday,Cloudy,College Road,Low,Medium
77,0,Thursday,Cloudy,Highway Junction,Medium,Medium
27,21,Sunday,Cloudy,Market Street,Medium,Low
175,11,Wednesday,Sunny,Ring Road,Low,Medium
81,14,Friday,Sunny,College Road,Low,Low
80,14,Sunday,Rainy,College Road,Medium,Low
251,19,Friday,Rainy,Main Road,Low,High
84,12,Thursday,Sunny,Market Street,High,Medium
12,13,Sunday,Sunny,Ring Road,Medium,Low
120,15,Wednesday,Rainy,Main Road,Low,Low
192,2,Friday,Sunny,Ring Road,High,Medium
184,7,Sunday,Cloudy,Highway Junction,Medium,Medium
151,23,Friday,Cloudy,College Road,High,Medium
80,16,Friday,Sunny,College Road,High,Medium
127,17,Saturday,Stormy,College Road,High,Medium
123,6,Tuesday,Rainy,Highway Junction,Low,Medium
36,3,Saturday,Cloudy,Main Road,Low,Low
10,15,Sunday,Sunny,Market Street,High,Low
191,11,Tuesday,Sunny,Highway Junction,High,Medium
203,13,Tuesday,Rainy,Ring Road,High,High
56,3,Saturday,Sunny,Main Road,Low,Low
135,15,Tuesday,Cloudy,Highway Junction,Low,Low
43,15,Thursday,Sunny,Ring Road,Low,Low
91,21,Wednesday,Sunny,Ring Road,Medium,Low
95,6,Thursday,Sunny,Market Street,Low,Low
308,9,Friday,Sunny,Highway Junction,Low,High
139,6,Tuesday,Stormy,Ring Road,Low,Medium
147,4,Tuesday,Rainy,Main Road,Medium,High
218,22,Tuesday,Sunny,Ring Road,High,High
102,15,Friday,Cloudy,Main Road,Medium,Medium
90,14,Wednesday,Sunny,College Road,Low,Medium
141,0,Monday,Sunny,Market Street,Low,Medium
255,17,Monday,Sunny,Highway Junction,High,High
136,15,Friday,Cloudy,Highway Junction,Low,Medium
157,10,Wednesday,Sunny,Ring Road,Medium,Medium
42,14,Friday,Cloudy,Main Road,Medium,Low
25,4,Saturday,Stormy,Market Street,Low,Low
91,3,Sunday,Sunny,Highway Junction,High,Low
153,4,Wednesday,Cloudy,Market Street,Medium,Medium
66,2,Saturday,Sunny,Main Road,Low,Low
120,10,Friday,Sunny,College Road,High,Low
106,11,Thursday,Sunny,Ring Road,Medium,Medium
121,13,Friday,Cloudy,Highway Junction,Medium,Low
206,8,Sunday,Stormy,Highway Junction,High,High
103,0,Sunday,Sunny,College Road,Low,Low
96,0,Sunday,Sunny,Main Road,Medium,Low
72,10,Wednesday,Stormy,Market Street,Low,Low
295,20,Friday,Sunny,Ring Road,Medium,High
115,16,Sunday,Cloudy,Highway Junction,Low,Low
87,21,Sunday,Sunny,Main Road,High,Low
192,20,Sunday,Sunny,Main Road,Medium,Medium
290,7,Friday,Sunny,Ring Road,Low,High
148,19,Sunday,Sunny,Market Street,Low,Low
119,13,Monday,Sunny,College Road,Low,Low
84,13,Tuesday,Sunny,College Road,Low,Low
80,16,Friday,Sunny,Main Road,Medium,Low
95,6,Monday,Rainy,Main Road,Medium,Medium
82,2,Sunday,Cloudy,College Road,Medium,Low
248,9,Tuesday,Stormy,Market Street,High,High
48,0,Sunday,Sunny,Main Road,High,Low
29,22,Sunday,Cloudy,Main Road,Medium,Low
115,11,Monday,Rainy,College Road,Low,Low
307,18,Monday,Cloudy,Highway Junction,Low,High
73,5,Friday,Cloudy,Highway Junction,Medium,Medium
297,18,Monday,Rainy,Main Road,High,High
63,11,Monday,Sunny,Highway Junction,High,Low
45,12,Sunday,Sunny,Main Road,High,Low
270,9,Wednesday,Rainy,Highway Junction,Medium,High
264,3,Friday,Sunny,Market Street,High,Medium
109,4,Wednesday,Sunny,Highway Junction,Medium,Low
33,6,Saturday,Sunny,Ring Road,Medium,Low
304,9,Thursday,Sunny,Main Road,Low,High
310,7,Thursday,Sunny,Highway Junction,Low,High
75,10,Wednesday,Cloudy,Ring Road,Low,Medium
154,9,Saturday,Cloudy,Highway Junction,Medium,Medium
304,18,Tuesday,Cloudy,Highway Junction,High,High
102,12,Wednesday,Sunny,Main Road,High,Low
152,4,Monday,Sunny,Ring Road,Low,Low
43,2,Sunday,Cloudy,Highway Junction,High,Low
106,4,Thursday,Sunny,Highway Junction,Medium,Medium
139,15,Tuesday,Rainy,Highway Junction,Medium,Medium
22,2,Saturday,Stormy,Market Street,Medium,Low
43,23,Tuesday,Sunny,College Road,High,Low
103,1,Thursday,Cloudy,Highway Junction,Medium,Low
166,19,Sunday,Cloudy,College Road,Low,High
91,16,Wednesday,Rainy,Market Street,High,Low
108,15,Friday,Cloudy,Market Street,Low,Low
254,19,Tuesday,Sunny,Market Street,Low,Medium
144,22,Tuesday,Sunny,Ring Road,High,Medium
67,6,Saturday,Rainy,College Road,Medium,Low
40,21,Saturday,Stormy,Highway Junction,Low,Low
118,15,Tuesday,Sunny,Main Road,Low,Low
217,9,Sunday,Stormy,College Road,Medium,High
146,9,Saturday,Sunny,Main Road,Low,Medium
35,13,Saturday,Cloudy,Market Street,Low,Low
59,13,Sunday,Cloudy,Ring Road,Low,Low
217,8,Sunday,Sunny,Ring Road,Low,Medium
108,12,Thursday,Cloudy,College Road,Low,Low
117,14,Thursday,Cloudy,Market Street,Low,Low
94,4,Monday,Cloudy,Highway Junction,Medium,Low
72,23,Monday,Rainy,Market Street,Medium,Medium
10,15,Friday,Cloudy,Highway Junction,Medium,Low
169,1,Wednesday,Sunny,Ring Road,Low,Low
99,15,Wednesday,Sunny,Highway Junction,Medium,Low
51,14,Sunday,Cloudy,College Road,Medium,Low
340,9,Wednesday,Rainy,Highway Junction,Low,High
132,5,Thursday,Cloudy,Main Road,Low,Low
105,5,Wednesday,Cloudy,College Road,Medium,Low
